USD,IDR,persen,inflasi,klasifikasi
0,0,0,0,rendah
0,0,1,0,rendah
0,2500000,0,0,rendah
0,100,60,0,parah
0,0,0,0,rendah
0,373000000000000,7,0,parah
0,0,0,0,rendah
0,41000000000000,0,0,parah
0,0,0,0,rendah
0,21000000000000,0,0,parah
0,21000000000000,0,0,parah
0,0,0,0,rendah
0,15000000000,0,0,parah
0,0,0,0,rendah
0,0,0,0,rendah
0,0,76,0,parah
0,0,0,0,rendah
0,0,0,0,rendah
0,18300000000000,0,0,parah
0,67500000000000,52,0,parah
0,0,0,0,rendah
0,0,0,0,rendah
0,0,2.46,0,rendah
0,0,17,0,parah
0,0,40,0,parah
0,0,68,0,parah
0,0,0,0,rendah
0,0,0,0,rendah
75000000,15000000000,17,0,parah
0,0,0,0,rendah
0,3200000000,0,0,parah
0,0,0,0,rendah
0,0,0,0,rendah
0,300000000000000,0,0,parah
0,0,0,0,rendah
0,150000000,0,0,sedang
41,615000000000,83,0,parah
0,0,0,0,rendah
0,5000000000,0,0,parah
0,0,70,0,parah
0,0,20,0,parah
0,0,0,0,rendah
0,0,1000,0,parah
0,0,0,0,rendah
0,300000000000000,0,0,parah
0,0,0,0,rendah
20800000000,300000000000000,0,0,parah
1100000000,20000000000000,0,0,parah
1100000000,20000000000000,0,0,parah
0,8000000000,40,0,parah
1,0,2.87,0,rendah
0,0,0,0,rendah
5160000000,0,0.91,0,parah
430000000000,0,17,1,parah
5160000000,0,0,0,parah
0,900000000000000,60,0,parah
0,0,60,0,parah
0,0,0,0,rendah
0,20000000000000,0,0,parah
1,0,3,0,rendah
0,8000000000,0,0,parah
0,0,0,0,rendah
383000000,0,1,0,sedang
0,0,0,0,rendah
219350000000,0,1,0,parah
0,0,0,0,rendah
0,0,0,0,rendah
0,0,5.7,1,parah
24120000000,22990000000,2.46,0,parah
252400000,0,2.46,0,sedang
0,0,0,0,rendah
292100000,0,1,0,sedang
0,15598,5.2,1,parah
0,0,0,0,rendah
0,0,0,0,rendah
0,24000000000,5.6,1,parah
1100000,21000000000000,0,0,parah
2000000000,21000000000000,0,0,parah
0,0,0,0,rendah
1100000,21000000000000,0,0,parah
500,17000000000000,0,0,parah
0,0,0,0,rendah
0,0,0,0,rendah
0,0,0,0,rendah
0,0,0,0,rendah
0,0,0,0,rendah
0,0,0,0,rendah
0,0,0,0,rendah
30800000000,34500000000000,2.8,0,parah
0,0,0,0,rendah
1100000,21000000000000,0,0,parah
20900000000,0,809,0,parah
0,0,0,0,rendah
0,0,5.7,0,sedang
0,0,0,0,rendah
27500000000,0,2.49,0,parah
0,0,1,0,rendah
0,0,27,1,parah
0,900000,6.4,1,parah
0,0,1,0,rendah
0,0,27,1,parah
0,0,5,0,rendah
0,0,4.74,0,rendah
0,0,0,0,rendah
1500000000,0,5.4,0,parah
0,0,40,0,parah
45520000000,226000000000000,5.4,1,parah
0,0,4.5,0,rendah
0,21000000000000,0,0,parah
0,237700000000000,1.22,0,parah
0,700000000000000,77,0,parah
0,0,0.4,0,rendah
0,0,0,0,rendah
0,0,29.2,1,parah
0,100000000000000,0,0,parah
0,0,5.72,1,parah
0,0,10,0,sedang
0,1000000000,0,0,sedang
0,0,0,0,rendah
0,1000000000,0,0,sedang
0,1,3.7,0,rendah
0,1,0,0,rendah
5160000000,0,2.46,0,parah
0,7400000000000,5.01,1,parah
5160000000,0,0.80,1,parah
0,0,0,0,rendah
0,1000000000,0,0,sedang
0,1000000000,0,0,sedang
45520000000,0,5.72,0,parah
50590000000,1,5.4,1,parah
0,0,0,0,rendah
0,1000,0,0,rendah
0,100000000,90,1,parah
50590000000,0,2.46,0,parah
0,30800000000000,60,0,parah
0,0,0,0,rendah
0,1,126,0,parah
0,0,0,0,rendah
0,160600000000000,0,0,parah
0,1,1,0,rendah
0,0,3,0,rendah
0,0,61,0,parah
0,0,5.72,0,sedang
0,0,20,0,parah
0,200000000000,0,0,parah
0,500000,50,0,parah
0,8270000000000,44.3,0,parah
33500000,1200000000000,1,0,parah
0,2500000,6,0,sedang
0,0,0,0,rendah
0,0,95,0,parah
0,0,0,0,rendah
0,10000000,0,0,rendah
76.7,15000000000,0,0,parah
0,0,4.8,1,parah
0,345550000000000,92.6,0,parah
0,0,1.50,0,rendah
0,1,0,0,rendah
0,0,20.3,0,parah
0,0,5.17,0,sedang
0,0,0,0,rendah
0,0,10,0,sedang
0,1200000000000,1,0,parah
0,598200000000000,45,0,parah
0,0,3.95,0,rendah
0,1,0,0,rendah
0,0,98,0,parah
0,0,0,0,rendah
0,0,0,0,rendah
6200000000,96720000000000,0,0,parah
0,0,42.1,0,parah
0,0,0,0,rendah
0,1,1,1,parah
0,0,5,1,parah
0,16000,5.7,0,sedang
0,101,117,0,parah
0,0,0,1,parah
0,0,1,1,parah
0,0,0,0,rendah
17000000000,0,0,0,parah
0,0,92.4,1,parah
0,0,0,0,rendah
0,0,17,0,parah
0,0,0,0,rendah
0,10,0,0,rendah
0,0,6,0,sedang
0,0,5.72,0,sedang
0,0,0,0,rendah
0,0,0,1,parah
0,0,0,0,rendah
0,57900000000000,0,0,parah
0,0,0,0,rendah
1,1,0,0,rendah
0,2808000000000,0,0,parah
0,450000000000000,3,0,parah
0,3000000,0,0,rendah
0,0,40,0,parah
0,0,30,0,parah
0,0,5.65,0,sedang
0,2000000000,0,0,parah
0,0,0,0,rendah
0,0,0,0,rendah
0,1,0,0,rendah
0,0,0,1,parah
0,0,0,0,rendah
0,0,0.91,0,rendah
0,0,70,0,parah
0,0,1,0,rendah
0,0,0,0,rendah
0,0,0,0,rendah
0,0,0,0,rendah
0,0,0,0,rendah
0,0,0,0,rendah
0,0,0,0,rendah
0,0,0,0,rendah
0,0,5.1,1,parah
0,10,4.63,0,rendah
0,0,0,0,rendah
0,520000000000,96.2,0,parah
0,0,0,0,rendah
0,0,1,0,rendah
0,0,0,1,parah
105,77500000000000,0,0,parah
758000000,0,22,0,parah
0,0,0,0,rendah
45520000000,0,5.72,1,parah
0,0,123,1,parah
0,0,0,0,rendah
50000000,0,30,0,parah
0,0,0,0,rendah
0,20400000000000,27.5,0,parah
0,50000000,100,0,parah
0,1200000000000,5,0,parah
0,0,0,0,rendah
0,0,0,0,rendah
0,0,0,0,rendah
0,0,0,0,rendah
0,1,72,0,parah
0,0,40,0,parah
0,164660000000000,0,0,parah
0,100000,100,0,parah
0,0,0,0,rendah
0,0,5,1,parah
0,10,0,0,rendah
0,0,5.7,1,parah
0,1,7.95,1,parah
0,0,0,0,rendah
0,1,4.7,1,parah
0,0,0,0,rendah
0,0,97,0,parah
0,5500,0,1,parah
0,0,0,0,rendah
0,0,20,0,parah
0,107000000000000,1,0,parah
0,1,0,0,rendah
0,0,2.81,0,rendah
0,0,0,0,rendah
15830000000,246640000000000,0,0,parah
0,0,100,0,parah
0,40800000000000,85,0,parah
0,0,78,0,parah
0,0,17,0,parah
0,0,0,0,rendah
0,703160000000000,1,0,parah
0,30000000,0,0,rendah
0,0,0.3,1,parah
0,10,6,0,sedang
0,4500000000,0,0,parah
0,18100000000000,20,1,parah
0,0,0,0,rendah
0,0,0,0,rendah
0,70370000000000,15.4,0,parah
0,0,5.7,1,parah
0,0,0,0,rendah
0,0,0,1,parah
0,0,20.8,0,parah
0,0,0,0,rendah
0,0,90,0,parah
0,0,38.1,0,parah
0,0,0,0,rendah
0,0,0,0,rendah
1,1,5.5,1,parah
0,5030000000000,0,0,parah
0,70000000000000,1,0,parah
0,0,0,0,rendah
0,500000000,24.2,0,parah
0,0,0,0,rendah
0,0,40,0,parah
0,10,0,0,rendah
0,0,0,0,rendah
0,0,-3.1,1,parah
0,1,75,0,parah
0,0,0,0,rendah
0,11000000000000,40,0,parah
231,237660000000000,1,0,parah
0,0,0,0,rendah
0,0,0,0,rendah
0,0,0,0,rendah
0,0,0,0,rendah
0,0,0,0,rendah
0,0,1,1,parah
0,0,0,0,rendah
0,0,0,0,rendah
0,50000,1,0,rendah
0,0,0,0,rendah
0,0,0,0,rendah
0,0,70,0,parah
0,0,5.72,1,parah
0,0,50,0,parah
0,0,0.02,0,rendah
0,0,0,0,rendah
0,0,0,0,rendah
1,1,6,1,parah
0,0,80,0,parah
0,0,0,0,rendah
0,1,5.2,0,sedang
0,0,0,0,rendah
0,0,0,0,rendah
0,0,5.71,1,parah
0,0,2.7,0,rendah
0,0,0,0,rendah
0,100000000,0,0,rendah
0,0,0,0,rendah
0,100730000000000,48,0,parah
0,24000000000000,27,0,parah
0,0,0,0,rendah
0,0,27,0,parah
0,0,4.25,1,parah
0,0,0,0,rendah
0,0,2.3,1,parah
1,1,5,1,parah
0,0,0,0,rendah
0,0,0,1,parah
0,1,1,1,parah
0,1,1,1,parah
0,480000,0,0,rendah
0,1,5.3,1,parah
0,0,5,0,rendah
0,0,0,0,rendah
30000000000,0,5.7,1,parah
0,19500000000,0,0,parah
0,0,0,0,rendah
0,0,5,0,rendah
0,0,0,0,rendah
0,0,0,0,rendah
0,0,1,1,parah
0,0,0,0,rendah
0,0,27,1,parah
0,0,0,0,rendah
0,43,17,0,parah
0,0,27,1,parah
0,1200000000000,5.72,0,parah
0,0,0,1,parah
0,4000000000,0,0,parah
0,1790000000000,0,0,parah
0,0,0,0,rendah
0,0,1,1,parah
0,0,0,0,rendah
0,0,0,0,rendah
0,0,5.3,1,parah
0,0,30,0,parah
0,1000,0,0,rendah
0,0,0,0,rendah
0,0,0,0,rendah
0,0,0,0,rendah
0,0,0,0,rendah
0,0,0,0,rendah
0,0,0,0,rendah
0,0,72,0,parah
0,0,0,0,rendah
0,0,0,0,rendah
0,0,97,0,parah
0,40000000,0,0,rendah
0,0,0,0,rendah
0,80000000,0,0,rendah
0,70000000,0,0,rendah
0,8500000000000,1,0,parah
0,0,0,0,rendah
0,460000000000000,97,0,parah
0,0,0,0,rendah
0,0,0,0,rendah
0,0,0,0,rendah
0,500000000,6,0,sedang
0,1,0,0,rendah
0,0,30,0,parah
0,0,20,0,parah
0,50000000,0,0,rendah
0,0,40,0,parah
0,0,0,0,rendah
0,15800000000,30,0,parah
0,0,0,0,rendah
0,0,60,0,parah
0,0,0,0,rendah
0,0,0,0,rendah
0,0,0,0,rendah
0,0,99.9,0,parah
0,0,0,0,rendah
0,0,0,0,rendah
0,0,0,0,rendah
0,0,96,0,parah
0,0,0,0,rendah
0,0,0,0,rendah
0,0,0,0,rendah
0,24400000000000,0,0,parah
0,0,0,0,rendah
0,0,0,0,rendah
0,224000000000,7,0,parah
0,0,0,0,rendah
0,0,0,0,rendah
0,0,0,0,rendah
0,5000,85,0,parah
0,0,0,0,rendah
0,0,59.4,0,parah
0,0,0,0,rendah
0,15000000,0,0,rendah
0,0,40,0,parah
0,0,0,0,rendah
0,10000,0,0,rendah
0,150000,100,0,parah
0,1,0,0,rendah
0,0,0,0,rendah
0,0,0,0,rendah
0,0,0,0,rendah
0,0,0,0,rendah
0,675000000,0,0,sedang
0,0,0,0,rendah
0,0,0,0,rendah
0,0,0,0,rendah
0,0,0,0,rendah
0,5000000,100,0,parah
0,0,99.9,0,parah
0,0,0,0,rendah
0,0,0,0,rendah
0,0,0,0,rendah
0,0,0,0,rendah
0,0,0,0,rendah
0,0,0,0,rendah
0,0,0,1,parah
0,0,0,0,rendah
0,661320000000,0,0,parah
0,0,0,0,rendah
0,0,0,0,rendah
0,4500000000000,56.8,0,parah
0,12000000,1,0,rendah
0,0,0,0,rendah
0,461970000000000,8.93,0,parah
0,0,0,0,rendah
0,20000,50,0,parah
0,0,0,0,rendah
0,0,0,0,rendah
0,1,0,0,rendah
0,0,0,0,rendah
0,0,0,1,parah
0,0,0,0,rendah
0,0,21,0,parah
0,1,0,0,rendah
0,0,0,0,rendah
0,0,5.72,0,sedang
0,0,55,0,parah
0,0,0,0,rendah
0,8500000000000,1,0,parah
0,0,96,0,parah
0,10000000,30,0,parah
0,0,0,0,rendah
0,0,7,0,sedang
0,0,0,0,rendah
0,0,0,0,rendah
0,0,0,0,rendah
0,160600000000000,0,0,parah
0,0,0,0,rendah
0,0,0,0,rendah
0,0,0,0,rendah
0,22000000000000,7,0,parah
0,0,75,0,parah
1,1,61.9,1,parah
0,0,0,0,rendah
0,1200000000000,4,0,parah
0,0,0,0,rendah
0,8500000000000,1,0,parah
0,0,0,0,rendah
0,0,5,0,rendah
0,0,30,0,parah
0,0,0,0,rendah
0,143840000000,0,0,parah
0,0,0,0,rendah
0,0,0,0,rendah
0,0,0,0,rendah
0,0,0,0,rendah
0,0,0,0,rendah
0,0,0,0,rendah
0,786350000000000,77,0,parah
0,0,0,0,rendah
0,51030000000000,1,0,parah
0,0,0,0,rendah
0,0,0,0,rendah
0,0,90,0,parah
0,43000000000000,0,0,parah
0,0,0,0,rendah
0,0,3.47,0,rendah
0,0,67,0,parah
0,0,0,0,rendah
0,0,0,0,rendah
0,23700000000000,5,0,parah
0,450000000000000,60,0,parah
0,0,0,0,rendah
0,6000000,9.31,0,sedang
0,0,0,0,rendah
0,0,0,0,rendah
0,0,0,0,rendah
0,0,0,0,rendah
0,0,0.02,0,rendah
0,0,0,0,rendah
0,100000,1.75,0,rendah
0,0,0,0,rendah
0,10050,11,0,parah
0,199820000000000,1,0,parah
0,0,0,0,rendah
15830000000,246600000000000,0,0,parah
0,0,5,0,rendah
0,500000000000000,90,0,parah
0,0,0,0,rendah
0,0,0,0,rendah
0,0,0,0,rendah
0,300000,0,0,rendah
0,0,0,0,rendah
0,25000000000,0,0,parah
0,0,70,0,parah
0,173000000000,24,0,parah
3090000000000,786350000000000,118,0,parah
0,0,30,0,parah
0,0,100,0,parah
0,0,0,0,rendah
0,0,47.5,0,parah
0,0,5.24,1,parah
0,75000000000000,0,0,parah
0,0,0,0,rendah
0,0,0,0,rendah
0,0,0,0,rendah
0,6000000000,100,0,parah
0,0,0,0,rendah
0,0,0,0,rendah
0,0,81,1,parah
0,10,0,0,rendah
0,0,0,0,rendah
0,0,0,0,rendah
0,2000000,0,0,rendah
0,0,100,0,parah
0,1,0.32,0,rendah
0,0,0,0,rendah
0,0,70,0,parah
0,0,0,0,rendah
0,0,0,0,rendah
0,0,0,0,rendah
0,3250000000000,1,0,parah
0,2000000000,0,0,parah
0,47570000,3.58,0,rendah
0,0,0,0,rendah
0,0,90,0,parah
0,62000000000000,0,0,parah
0,0,0,0,rendah
0,0,0,0,rendah
0,0,0,0,rendah
0,0,0,0,rendah
0,0.1,1.1,1,parah
0,0,0,0,rendah
0,0,0,0,rendah
0,0,1,1,parah
5500000000,0,1,0,parah
1449000000,21000000000000,25,0,parah
0,0,0,0,rendah
0,0,0,0,rendah
0,0,0,0,rendah
0,0,60.5,0,parah
0,0,0,0,rendah
0,0,0,0,rendah
0,0,0,0,rendah
0,1,5.5,1,parah
0,0,0,0,rendah
0,0,0,0,rendah
0,1,0,0,rendah
0,0,0,0,rendah
0,0,0,0,rendah
0,0,0,0,rendah
0,0,0,0,rendah
0,0,0,0,rendah
0,0,0,0,rendah
0,0,0,0,rendah
0,0,0,0,rendah
0,0,0,0,rendah
0,0,0,0,rendah
0,0,0,0,rendah
0,0,0,0,rendah
0,0,0,0,rendah
0,0,0,0,rendah
0,1,0.9,0,rendah
0,1,0,0,rendah
0,0,60,0,parah
0,0,0,0,rendah
0,10000,0,0,rendah
0,1000,1,0,rendah
0,0,0,0,rendah
0,112000,0,0,rendah
0,360000000000,2,0,parah
0,11000,1,1,parah
0,49000000000,0,0,parah
0,0,0,0,rendah
219350000000,0,5.7,1,parah
3000,46500000,67,0,parah
0,0,0,0,rendah
0,1485000000000,4.7,0,parah
0,0,4.25,1,parah
0,0,0,0,rendah
0,0,3,1,parah
0,0,0,0,rendah
0,0,0,0,rendah
0,25000,0,0,rendah
0,50000,1,0,rendah
0,0,20.8,0,parah
0,980000000000,0,0,parah
0,1,6,0,sedang
0,10000000000,3,0,parah
0,11000,0,0,rendah
0,9359,0,1,parah
0,0,0,0,rendah
0,0,0,0,rendah
0,0,0,0,rendah
0,0,31,0,parah
0,0,4.8,0,rendah
0,0,35,0,parah
600000000,9300000000000,0,0,parah
0,0,0,0,rendah
0,0,0,0,rendah
0,8800,0,0,rendah
0,0,0,0,rendah
0,1000,0,0,rendah
0,0,0,0,rendah
0,1000,0,0,rendah
0,0,0,0,rendah
0,1,1.8,1,parah
0,0,70,0,parah
0,4400000000000,0,0,parah
0,0,0,0,rendah
0,0,15,0,parah
0,96000,1,0,rendah
0,10000,0,0,rendah
0,0,17,0,parah
0,1,7,1,parah
0,0,0,0,rendah
0,9.48,0,0,rendah
0,0,0,0,rendah
0,0,99.7,0,parah
0,0,0,0,rendah
0,0,0,0,rendah
0,25000,50,0,parah
0,0,0,1,parah
0,10,59,0,parah
0,39600000,50,0,parah
0,0,0,0,rendah
0,0,1,0,rendah
0,500000000000,10,0,parah
0,0,0,0,rendah
0,7500000000000,0,0,parah
0,62000000000000,0,0,parah
0,1,4,1,parah
0,0,50,0,parah
0,21000000000000,0,0,parah
20000000000,261000000000000,9.68,0,parah
0,0,0,0,rendah
0,0,0,0,rendah
0,0,0,0,rendah
0,19500000000,0,0,parah
0,0,70,0,parah
0,0,0,0,rendah
0,0,0,0,rendah
0,0,0,0,rendah
0,0,0,0,rendah
0,0,0,0,rendah
0,0,0,0,rendah
0,0,0,0,rendah
0,0,92,0,parah
0,0,0,0,rendah
0,0,0,0,rendah
0,0,0,1,parah
0,0,0,0,rendah
0,0,0,0,rendah
0,20000000,0,0,rendah
0,0,0,0,rendah
0,0,22,0,parah
0,0,80,0,parah
0,0,0,0,rendah
0,0,5.42,1,parah
0,0,0,0,rendah
0,0,30,0,parah
0,0,0,0,rendah
0,156700000000000,169,0,parah
0,0,0,0,rendah
0,0,0,1,parah
0,2760000000000,1,0,parah
0,0,4,0,rendah
0,7800000000,95,0,parah
105000000000,1600000000000,1.7,0,parah
0,3700000,0,0,rendah
0,0,0,0,rendah
0,0,16,0,parah
0,10,1,0,rendah
0,0,1,0,rendah
0,7500000000000,0,0,parah
0,10,110.06,0,parah
0,0,0,0,rendah
0,30000000,25,0,parah
0,0,0,0,rendah
0,140000,0,0,rendah
0,0,0,0,rendah
0,70000,0,0,rendah
0,0,0,0,rendah
0,0,0,0,rendah
0,1,1,1,parah
0,0,0,0,rendah
0,1,1100,0,parah
0,90000,0,0,rendah
0,0,0,0,rendah
0,0,0,0,rendah
0,2300000000,0,0,parah
0,0,0,0,rendah
0,0,0,0,rendah
0,0,80,0,parah
0,1,1100,0,parah
0,0,0,0,rendah
0,0,0,0,rendah
0,1,0,0,rendah
0,1,1,1,parah
0,4000000000,0,0,parah
0,0,0,0,rendah
0,0,0,0,rendah
1,60,100,0,parah
0,0,40,1,parah
0,0,0,0,rendah
0,0,0,0,rendah
0,0,0,0,rendah
0,0,0,0,rendah
0,0,0.25,1,parah
0,300000,0,0,rendah
0,0,0,0,rendah
0,10,0,0,rendah
0,0,0,0,rendah
0,0,0,0,rendah
0,0,0,0,rendah
0,0,10,1,parah
0,1,41,0,parah
0,1,2.5,0,rendah
0,3250000000000,1,0,parah
0,0,0,0,rendah
0,5060000000000,66.4,0,parah
0,5000,0,0,rendah
0,0,0,1,parah
0,1400,0,0,rendah
0,0,0,0,rendah
0,0,0,0,rendah
0,0,0,0,rendah
0,0,0,1,parah
0,1419000000,23,0,parah
0,3250000000000,1,0,parah
0,0,0,0,rendah
0,0,0,0,rendah
0,0,0,0,rendah
0,2100000000000,0,0,parah
0,0,0,0,rendah
0,6500000000,0,0,parah
0,0,50,0,parah
0,0,50,0,parah
0,3250000000000,1,0,parah
0,0,0,0,rendah
0,0,0,0,rendah
0,0,0,0,rendah
0,0,50,1,parah
0,75000000000000,14.5,0,parah
0,0,0,0,rendah
0,3700000,0,0,rendah
0,980000000000,0,0,parah
0,1000000,0,0,rendah
0,1000,10,0,sedang
0,0,0,0,rendah
2200000000,34320000000000,0,0,parah
0,0,0,0,rendah
0,1,0,0,rendah
0,0,0,0,rendah
0,150,50,0,parah
0,0,65,0,parah
0,0,0,0,rendah
0,0,0,0,rendah
0,0,30,0,parah
0,0,60,0,parah
0,0,0,0,rendah
0,0,0,0,rendah
0,0,0,0,rendah
0,0,0,0,rendah
0,0,0,0,rendah
0,0,0,0,rendah
0,0,0,1,parah
0,0,1,1,parah
0,0,0,0,rendah
0,3700000,90,0,parah
2000000,1000000000000,87,1,parah
0,0,10,0,sedang
0,0,0,0,rendah
0,0,0,0,rendah
0,2000,0,0,rendah
0,2000000,50,0,parah
0,0,0,0,rendah
0,0,0,0,rendah
0,0,0,0,rendah
0,0,0,0,rendah
0,224310000000000,1,0,parah
0,0,63,0,parah
0,9800,0,0,rendah
0,0,8.01,0,sedang
0,0,0,0,rendah
0,0,0,0,rendah
0,0,0,0,rendah
0,0,0,0,rendah
0,0,0,0,rendah
0,0,0,1,parah
0,3700000,0,0,rendah
0,3250000000000,1,0,parah
0,3700000,0,0,rendah
0,10000000,3,0,rendah
0,0,0,0,rendah
0,0,5.01,1,parah
0,3700000,0,0,rendah
0,0,0,0,rendah
0,0,0,0,rendah
1,0,5.72,1,parah
0,0,0,0,rendah
0,2000000000000,0,0,parah
0,0,0,0,rendah
0,0,5,0,rendah
0,0,0,0,rendah
0,0,0,0,rendah
0,0,0,0,rendah
0,0,0,0,rendah
0,3700000,0,0,rendah
0,0,0,0,rendah
0,0,0,0,rendah
0,7000000000,0,0,parah
0,0,0,0,rendah
0,0,8.09,0,sedang
0,0,0,0,rendah
0,100000000000000,0,0,parah
0,0,0,0,rendah
0,0,0,0,rendah
0,0,0,1,parah
0,6500000,0,0,rendah
0,0,0,0,rendah
0,0,0,0,rendah
0,15270000000000,5.85,0,parah
1790000000,14000000000000,37,0,parah
0,0,0,1,parah
0,11400000000,50,1,parah
0,0,0,0,rendah
0,1,0,0,rendah
0,0,0,0,rendah
0,1200000000000,1000,0,parah
0,0,0,0,rendah
0,5,0,0,rendah
0,0,5,1,parah
0,0,100,0,parah
0,0,0,0,rendah
0,0,0,0,rendah
0,0,0,0,rendah
0,70000,0,0,rendah
0,0,0,0,rendah
0,100,6.38,0,sedang
0,0,1,1,parah
0,0,20,0,parah
0,0,52,0,parah
0,0,0,0,rendah
0,6500000,0,0,rendah
0,0,0,0,rendah
5180000000,1,1,1,parah
600000000000,0,0,0,parah
0,0,0,0,rendah
0,0,0,0,rendah
1.5,0,0.7,1,parah
0,0,0,0,rendah
0,0,1,1,parah
0,0,0,0,rendah
0,0,0,0,rendah
0,3281000000000,18,0,parah
100000000000,1200000000000,1.7,0,parah
0,0,0,0,rendah
0,0,0,0,rendah
0,0,0,0,rendah
0,0,0,0,rendah
0,0,0,0,rendah
0,0,0,0,rendah
0,0,71,0,parah
0,0,3.7,1,parah
0,30000,0,0,rendah
0,0,0,0,rendah
0,0,0,0,rendah
178000000000,0,14,0,parah
710000000,34320000000000,0,0,parah
0,575900000000000,1.94,1,parah
0,0,1,0,rendah
0,0,0,0,rendah
0,0,0,0,rendah
0,0,0,0,rendah
0,0,0,0,rendah
0,500000,0,0,rendah
100000000000,1200000000000,1.7,0,parah
0,0,0,0,rendah
0,0,30,0,parah
0,0,0,0,rendah
0,0,0,0,rendah
2200000000,34320000000000,0,0,parah
0,0,90,0,parah
42880000,671000000000,35,0,parah
0,0,0,0,rendah
0,0,28,0,parah
0,0,55.5,0,parah
0,0,40,0,parah
0,0,0,0,rendah
0,0,0,0,rendah
106000000000,1661000000000,7,0,parah
0,0,0,0,rendah
0,0,50,0,parah
1,0,0,0,rendah
123000000,1930000000000,1,1,parah
0,0,10,1,parah
62000000000,0,0.37,1,parah
0,0,0,0,rendah
0,0,0,0,rendah
400000000000,6240000000000,5.3,0,parah
0,0,0,0,rendah
0,110,0,0,rendah
0,0,0,0,rendah
0,0,0,0,rendah
0,10,7.17,0,sedang
0,0,0,0,rendah
0,0,0,0,rendah
1,872000000000,75,0,parah
0,0,4,0,rendah
0,0,59.4,0,parah
0,0,0,0,rendah
0,0,0,0,rendah
0,0,0,0,rendah
0,0,0,0,rendah
0,872000000000,75,0,parah
0,0,0,0,rendah
0,0,0,0,rendah
0,0,15,0,parah
0,0,0,0,rendah
0,0,0,0,rendah
0,1,7.09,0,sedang
0,0,0,0,rendah
0,0,0,0,rendah
0,0,0,0,rendah
0,0,0,0,rendah
0,70000000,0,0,rendah
0,0,0,0,rendah
0,0,0,0,rendah
0,0,0,0,rendah
0,0,0,0,rendah
0,0,0,0,rendah
0,872000000000,75,0,parah
0,0,0,0,rendah
0,0,0,0,rendah
0,0,0,0,rendah
0,0,0,0,rendah
0,0,0,0,rendah
0,114000000000,0,0,parah
0,0,75,0,parah
0,0,0,0,rendah
0,114000000000,0,0,parah
0,114000000000,0,0,parah
0,1,1,1,parah
0,0,0,0,rendah
0,0,0,0,rendah
0,0,0,0,rendah
0,0,0,0,rendah
0,0,96,0,parah
1,0,0,0,rendah
0,0,0,0,rendah
0,0,0,0,rendah
0,0,0,0,rendah
0,1,10,1,parah
0,1000,90,0,parah
500000000000,82900000000000,0,0,parah
0,0,96,0,parah
0,0,96,0,parah
0,0,0,0,rendah
0,0,0,0,rendah
0,0,0,0,rendah
0,0,0,0,rendah
0,0,0,0,rendah
0,3700000,0,0,rendah
0,0,60,0,parah
1,3000000000000,5.9,0,parah
0,0,90,0,parah
0,0,0,0,rendah
0,0,0,0,rendah
0,0,0,0,rendah
0,0,0,0,rendah
0,150000,0,0,rendah
0,0,0,0,rendah
0,16800,100,0,parah
0,0,0,0,rendah
0,0,17,0,parah
0,0,0,0,rendah
0,0,0,0,rendah
0,1,1,1,parah
0,0,0,0,rendah
0,0,0,0,rendah
0,0,6.62,1,parah
0,0,0,1,parah
1789,15600,1.31,0,rendah
0,0,0,0,rendah
0,3820000000,0,1,parah
0,1500000000000,50,0,parah
0,0,0,0,rendah
0,0,0,0,rendah
0,0,330,0,parah
0,0,0,0,rendah
0,0,0,0,rendah
0,0,0,0,rendah
0,1,7.09,0,sedang
0,0,0,0,rendah
0,0,0,0,rendah
0,0,0,0,rendah
0,0,0,0,rendah
0,0,30,0,parah
0,0,0,0,rendah
47700000000,744120000000000,0,0,parah
0,0,1,1,parah
0,0,0,0,rendah
0,0,0,0,rendah
0,93,7.0,0,sedang
0,4500000,7.50,0,sedang
0,0,0,0,rendah
0,300000000000,0,0,parah
0,3700000,0,0,rendah
0,0,0,0,rendah
0,0,100,0,parah
0,0,0,0,rendah
0,0,5,0,rendah
0,0,0,0,rendah
0,0,0,0,rendah
0,0,0,0,rendah
0,0,0,0,rendah
0,0,0,0,rendah
0,0,0,0,rendah
0,18100000000000,30,0,parah
0,0,0,0,rendah
50000000,0,18,0,parah
0,8700000000,0,0,parah
0,0,0,0,rendah
0,1,8,0,sedang
0,1,6.54,0,sedang
0,0,10.4,0,parah
0,0,0,0,rendah
0,0,0,0,rendah
0,53000000,0,0,rendah
0,0,5,0,rendah
0,1,7.93,1,parah
0,0,0,0,rendah
0,0,0,0,rendah
0,100,6.64,0,sedang
0,20500000,0,0,rendah
0,0,18,0,parah
0,5000000000000,0,0,parah
0,0,0,0,rendah
0,0,0,0,rendah
77000000000,18100000000000,30,0,parah
0,0,0,0,rendah
0,12940000000000,92,0,parah
0,0,30,0,parah
0,0,0,0,rendah
0,4000000000000,0,0,parah
0,0,0,0,rendah
0,18100000000000,70,0,parah
0,0,0,0,rendah
0,0,0,0,rendah
0,5,0,0,rendah
0,0,70,0,parah
0,0,0,0,rendah
0,0,0,0,rendah
0,0,6.4,1,parah
0,0,13,1,parah
0,25000,0,0,rendah
0,0,70,0,parah
3800000000,0,-8.7,0,parah
0,0,73.2,1,parah
0,0,0,0,rendah
0,100,6.64,0,sedang
0,0,0,0,rendah
0,4151000000,4,0,parah
0,335001,0,0,rendah
0,0,0,0,rendah
0,0,0,0,rendah
0,0,1,1,parah
0,0,0.5,0,rendah
0,0,0,0,rendah
0,0,0,0,rendah
0,1,6.4,1,parah
0,0,0,0,rendah
0,0,0,0,rendah
0,0,100,0,parah
0,0,5,0,rendah
0,0,0,0,rendah
0,7800,0,0,rendah
0,150500000000000,0,0,parah
0,0,2.5,0,rendah
0,0,0,0,rendah
0,3000000000,0,0,parah
13000000,205000000000,0,0,parah
134000000000,0,0,0,parah
0,135.0000,0,0,rendah
0,0,0,0,rendah
0,0,95,0,parah
0,0,60,0,parah
0,0,1,0,rendah
28300000000,0,0,0,parah
0,600,0,0,rendah
0,0,0,0,rendah
0,0,0,0,rendah
0,0,0,0,rendah
0,0,20231,0,parah
0,0,11.1,0,parah
0,0,5.15,0,sedang
0,0,0,0,rendah
0,0,0,1,parah
0,5000000000,0,0,parah
0,0,0,0,rendah
0,0,0,0,rendah
0,0,3.2,0,rendah
0,0,0,0,rendah
0,1,0,0,rendah
220000000000,67000,42,0,parah
0,0,0,0,rendah
0,0,0,0,rendah
0,0,0,0,rendah
0,0,0,0,rendah
0,0,0,0,rendah
0,3400000000,0,0,parah
0,135.0000,0,0,rendah
0,220000,0,0,rendah
0,0,0,1,parah
0,0,0,0,rendah
0,2000000000000,0,0,parah
0,102900000,20,0,parah
0,0,0,0,rendah
0,0,0,0,rendah
0,1,9.15,0,sedang
0,9,6.82,0,sedang
0,0,0,0,rendah
0,50000000,0,0,rendah
100000,1540000000,0,0,parah
0,0,0,0,rendah
0,0,0,0,rendah
0,0,0,0,rendah
0,0,0,0,rendah
0,0,0,0,rendah
0,0,0,0,rendah
60,10,0,0,rendah
0,0,0,0,rendah
0,0,0,0,rendah
0,0,0,0,rendah
0,0,5.72,0,sedang
0,0,0,0,rendah
0,4000,0,0,rendah
0,0,0,0,rendah
0,0,0,0,rendah
0,0,0,0,rendah
0,0,0,0,rendah
0,0,0,0,rendah
0,0,0,0,rendah
0,0,16,0,parah
0,0,0,0,rendah
0,0,91,0,parah
0,0,7,0,sedang
0,316463,7.48,1,parah
0,0,0,0,rendah
0,0,0,0,rendah
0,0,0,0,rendah
0,0,0,0,rendah
0,0,4.63,0,rendah
0,0,0,0,rendah
0,0,60,0,parah
0,0,0,0,rendah
0,1400000000000,3,0,parah
0,0,0,1,parah
0,0,0,0,rendah
0,0,0,0,rendah
0,0,0,0,rendah
0,35000,0,0,rendah
0,0,90,0,parah
0,0,0,0,rendah
1,0,5.3,0,sedang
0,0,0,0,rendah
0,0,0,0,rendah
0,0,0,0,rendah
0,0,0,0,rendah
0,0,0,0,rendah
0,0,0,1,parah
0,0,0,0,rendah
0,234000000000,150,1,parah
0,0,20,0,parah
0,0,0,0,rendah
0,1,6.97,0,sedang
0,0,0,0,rendah
0,0,0,0,rendah
0,0,0,0,rendah
0,0,0,0,rendah
0,0,5.3,1,parah
0,1000000000000,0,0,parah
0,228219,6.93,1,parah
0,0,0,0,rendah
0,0,4,1,parah
1,1000000,7.7,1,parah
0,0,0,0,rendah
0,1000000,0,0,rendah
0,0,0,0,rendah
0,0,0,0,rendah
0,0,0,0,rendah
0,4900000,30,0,parah
0,1600000000000,0.79,0,parah
0,120000000000,10,0,parah
1,1,0,1,parah
0,0,0,0,rendah
1800,1,7.7,1,parah
0,0,1,1,parah
0,0,0,0,rendah
0,0,0,0,rendah
0,0,0,0,rendah
0,0,20,1,parah
0,0,60,0,parah
0,8500000000000,0,0,parah
0,0,0,1,parah
0,0,97.2,0,parah
0,0,0,0,rendah
0,0,0,0,rendah
0,0,5.8,1,parah
0,8500000000000,1,0,parah
929400000000,160.6,0,0,parah
0,200000,0,0,rendah
0,0,0,0,rendah
0,0,0,0,rendah
0,0,0,0,rendah
0,0,0,0,rendah
0,0,0,0,rendah
0,0,0,0,rendah
0,0,0,0,rendah
0,598200000000000,2.84,0,parah
0,99900000000,7.15,0,parah
0,0,3.75,1,parah
0,1,6.84,1,parah
0,0,0,0,rendah
0,0,0,0,rendah
0,0,0,0,rendah
0,0,0,0,rendah
0,0,20,0,parah
0,0,0.2,1,parah
0,0,0,0,rendah
0,80001,0,0,rendah
0,168000000000000,1.6,0,parah
0,200000,0,0,rendah
0,0,0,0,rendah
0,0,0,0,rendah
0,0,0,0,rendah
10000,10,0,0,rendah
0,0,0,0,rendah
0,1200000000000,5.72,0,parah
0,1,4.5,1,parah
0,900000000000000,0,0,parah
0,0,0,0,rendah
0,0,4.5,0,rendah
0,0,27,1,parah
0,0,0,0,rendah
0,0,67.9,1,parah
0,0,5.72,0,sedang
0,3350,1,0,rendah
45520000000,0,5.44,0,parah
4500000000,0,0,0,parah
0,0,27,0,parah
0,0,0,0,rendah
0,1200000000000,5.72,0,parah
0,0,0,0,rendah
0,0,0,0,rendah
0,1200000000000,0,0,parah
0,0,0,0,rendah
0,0,0,0,rendah
0,10,0,0,rendah
0,0,0,0,rendah
0,0,0,0,rendah
0,0,0,0,rendah
0,0,0,0,rendah
0,0,2.6,1,parah
0,0,70,0,parah
0,1,7.88,1,parah
0,0,3.2,1,parah
0,1,7.2,1,parah
0,0,0,0,rendah
0,1,9.15,0,sedang
0,0,0,0,rendah
0,0,20,0,parah
77000000000,0,19,0,parah
0,0,0,0,rendah
0,0,0,0,rendah
0,0,0,0,rendah
0,1,1,1,parah
0,419000000,0,0,sedang
0,0,0,0,rendah
0,1,5.6,1,parah
0,0,0,0,rendah
0,0,1,0,rendah
0,0,0,0,rendah
0,0,0,0,rendah
0,1,7.88,1,parah
0,0,1,0,rendah
0,1,7.88,1,parah
0,1,5.25,1,parah
0,0,0,0,rendah
0,0,5.72,1,parah
0,10,70,0,parah
0,1,7.88,1,parah
1,1,1.45,1,parah
500000000,7840000000000,99,0,parah
0,2023,7.8,0,sedang
0,1,8.26,1,parah
0,2500000000,0,1,parah
0,0,0,0,rendah
0,900000,6.4,1,parah
0,1,7.88,1,parah
0,1,8.52,1,parah
1,1,1,0,rendah
0,0,0,0,rendah
0,0,2,1,parah
0,0,0,0,rendah
0,1,7.65,1,parah
0,0,0,0,rendah
0,0,0,0,rendah
0,0,0,0,rendah
0,180834,6.84,1,parah
0,0,0,0,rendah
0,0,5.1,1,parah
0,1,0,0,rendah
0,0,0,0,rendah
0,60,10,0,sedang
0,11679,6.40,1,parah
0,1,8.01,1,parah
1,0,0,1,parah
0,1,8.01,1,parah
1,1,0.89,1,parah
0,0,0,0,rendah
0,1,7.65,1,parah
200000000000,3140000000000,8.7,0,parah
0,0,0,0,rendah
0,2500,87,0,parah
0,0,0,0,rendah
0,1,6.4,1,parah
0,0,0,0,rendah
0,0,0,0,rendah
0,0,86,0,parah
0,500000,0,0,rendah
0,2023,7.65,1,parah
0,500000,0,0,rendah
0,0,0,0,rendah
0,0,0,0,rendah
0,0,0,0,rendah
0,0,0,0,rendah
0,0,10,1,parah
0,8,28,0,parah
0,0,41,0,parah
0,1,0,0,rendah
0,3,7.17,0,sedang
0,0,10,1,parah
0,1,10.5,1,parah
0,0,81,1,parah
0,2000000000,78,0,parah
0,0,0.81,0,rendah
0,0,0.81,0,rendah
0,10,1,0,rendah
0,5000,0,0,rendah
0,0,0,0,rendah
0,0,1,0,rendah
0,2970000000,0,0,parah
0,0,0,0,rendah
0,0,0,0,rendah
0,0,0,0,rendah
0,0,0,1,parah
0,0,0,0,rendah
0,0,0,0,rendah
0,0,0,0,rendah
21700000000,336900000000000,0,0,parah
0,3700000,0,0,rendah
0,0,0,0,rendah
0,200000,0,0,rendah
0,0,0,0,rendah
0,0,0,0,rendah
0,0,0,0,rendah
0,0,50,0,parah
0,0,20,0,parah
0,0,0,0,rendah
0,0,0,0,rendah
0,0,0,0,rendah
0,0,0,0,rendah
0,1000000000,0,0,sedang
0,0,5.72,0,sedang
0,0,0,0,rendah
0,0,0,0,rendah
0,0,0,1,parah
0,0,0,0,rendah
0,0,0,0,rendah
0,0,0,0,rendah
0,0,27,0,parah
0,0,5.72,0,sedang
0,0,50,0,parah
0,0,0,0,rendah
0,0,12,0,parah
0,0,0,0,rendah
7000000000000,0,5.72,1,parah
0,0,0,0,rendah
0,0,27,0,parah
0,203000000000000,10,0,parah
0,0,0,0,rendah
0,0,0,0,rendah
0,0,0,0,rendah
0,0,0,1,parah
0,0,0,0,rendah
0,200000,0,0,rendah
0,0,0,0,rendah
0,0,0,0,rendah
0,3000,0,0,rendah
0,0,0,0,rendah
0,0,0,0,rendah
0,0,0,0,rendah
0,0,0,0,rendah
0,0,0,0,rendah
0,500000000,0.5,0,sedang
0,0,10,1,parah
0,0,0,0,rendah
0,25000000,0,0,rendah
0,0,10.5,0,parah
0,0,0,1,parah
0,0,0,0,rendah
0,1,6.4,1,parah
0,0,0,0,rendah
0,0,0,0,rendah
0,0,10,1,parah
0,0,0,0,rendah
0,1,6.4,1,parah
0,1,10,1,parah
0,148677,7.8,0,sedang
0,1000,0,0,rendah
0,0,0,0,rendah
0,2000000,7.14,0,sedang
0,1,7.65,1,parah
0,0,0,0,rendah
0,1,7.8,1,parah
0,0,5,0,rendah
0,1,7.44,1,parah
15730,15730,0.89,0,rendah
15730,15730,0,1,parah
0,1,6.4,0,sedang
0,0,0,0,rendah
0,1,7.65,1,parah
1,1,0.89,1,parah
0,0,0,0,rendah
0,1,7.8,0,sedang
0,0,0,0,rendah
0,1,7.4,1,parah
0,0,0,0,rendah
0,60,10,0,sedang
0,0,0,0,rendah
0,0,60,0,parah
0,0,0,0,rendah
0,5600000000,0,0,parah
5,16000,2.9,0,rendah
0,0,0,0,rendah
0,1,7.88,1,parah
0,0,0,0,rendah
0,0,0,0,rendah
0,2023,7.51,1,parah
0,15000000000,0,0,parah
0,0,0,0,rendah
0,0,0,0,rendah
0,0,96,0,parah
0,0,0,0,rendah
0,25000,0,0,rendah
0,1,0,0,rendah
0,0,1,1,parah
0,0,0,0,rendah
0,0,0,1,parah
0,0,0,0,rendah
0,0,0,0,rendah
0,1,7.88,1,parah
0,0,0,0,rendah
0,0,0,0,rendah
130000000000,2041000000000,22,0,parah
0,1,7.88,1,parah
0,0,0,0,rendah
0,0,0,0,rendah
0,0,0,0,rendah
0,1,5.6,1,parah
0,1,7.82,0,sedang
1,1,1.45,1,parah
0,0,0,0,rendah
0,0,3.4,0,rendah
0,0,0,0,rendah
0,0,0,0,rendah
0,0,0,1,parah
0,0,0,0,rendah
0,900000000000000,0,0,parah
0,0,27,1,parah
0,1,7.81,0,sedang
0,2000000,0,0,rendah
0,0,0,0,rendah
0,0,0,0,rendah
0,1000000000,100,1,parah
0,0,0,0,rendah
0,4900000,5.6,0,sedang
0,0,0,0,rendah
0,0,5.72,0,sedang
232000000000,1,25,0,parah
0,0,30,1,parah
0,1160000000000,161,1,parah
0,0,8,0,sedang
0,0,0,0,rendah
0,0,4.88,0,rendah
0,3400000000,0,0,parah
0,3000000000000,0,0,parah
0,973300000000,1.7,0,parah
0,0,0,0,rendah
0,0,0,0,rendah
0,0,0,0,rendah
0,0,0,0,rendah
0,0,1,1,parah
0,0,0,0,rendah
0,0,0,0,rendah
0,0,1,0,rendah
0,0,0,0,rendah
0,0,1,1,parah
0,0,0,0,rendah
0,0,0,0,rendah
0,90000000,50,0,parah
0,0,828.1,0,parah
0,0,0,0,rendah
560100000000,0,70,0,parah
0,0,0,0,rendah
0,0,27,0,parah
0,0,0,0,rendah
10610000000,0,1,0,parah
0,0,0,0,rendah
0,52000000000000,0,1,parah
0,0,70,0,parah
0,0,0,0,rendah
0,0,0,0,rendah
0,0,29,0,parah
0,10,0,0,rendah
0,0,0,0,rendah
0,1200000000000,89,0,parah
0,0,0,0,rendah
0,0,1,0,rendah
0,0,0,0,rendah
0,1,6.77,1,parah
1,0,1.2,1,parah
0,0,44,0,parah
0,0,0,0,rendah
0,0,1,0,rendah
0,3600000,7.52,1,parah
0,10,0,0,rendah
0,0,3.75,1,parah
0,0,0,0,rendah
0,0,0,0,rendah
0,0,0,0,rendah
0,0,9.93,0,sedang
0,0,40,0,parah
0,1770000000000,1,0,parah
0,0,0,0,rendah
0,0,4,1,parah
0,0,20231,1,parah
0,0,0,0,rendah
0,0,5.7,1,parah
0,0,0,0,rendah
0,0,0,0,rendah
0,0,0,0,rendah
0,0,0,0,rendah
0,0,0,1,parah
0,0,0,0,rendah
0,0,0,0,rendah
0,0,100,0,parah
0,0,5.2,0,sedang
0,123000,6.52,1,parah
0,0,0,1,parah
2277,0,0,0,rendah
0,10000000,0,0,rendah
929400000000,0,0,0,parah
0,0,0,0,rendah
0,0,0,0,rendah
0,50000,0,1,parah
0,0,0,0,rendah
0,0,0,0,rendah
0,0,0,0,rendah
0,1,0,0,rendah
0,0,0,0,rendah
0,0,0,0,rendah
0,25000,0,0,rendah
0,1,42,0,parah
0,170000,0,0,rendah
0,0,0,0,rendah
0,0,0,0,rendah
0,100,0,0,rendah
0,0,0,0,rendah
0,280800000,0,0,sedang
0,0,0,0,rendah
0,0,0,0,rendah
0,0,0,0,rendah
0,0,0,0,rendah
0,0,75,0,parah
0,0,0,0,rendah
0,1,0,0,rendah
0,0,0,0,rendah
0,0,0,0,rendah
0,0,10,0,sedang
0,0,0,0,rendah
0,0,75,0,parah
0,100000,0,0,rendah
0,0,0,0,rendah
0,0,0,0,rendah
0,0,0,0,rendah
0,0,0,0,rendah
0,0,0,1,parah
0,0,0,0,rendah
0,0,0,0,rendah
0,0,5.42,1,parah
0,9640000000000,6.86,0,parah
0,0,0,0,rendah
0,0,5,0,rendah
0,0,24.4,0,parah
0,1390000000000,196,0,parah
0,1,0,0,rendah
0,0,0,0,rendah
0,0,0,0,rendah
0,1,90,0,parah
0,0,0,0,rendah
0,0,90,0,parah
0,0,0,0,rendah
0,0,0,0,rendah
0,0,0,0,rendah
3300000000,50820000000000,0,0,parah
0,200000000,0,0,sedang
0,0,3.4,0,rendah
0,0,0,0,rendah
0,0,100,0,parah
0,115,6.50,0,sedang
0,0,0,0,rendah
0,0,0,0,rendah
0,4500000000,0,0,parah
0,0,1,0,rendah
0,0,0,0,rendah
0,0,0,1,parah
0,0,7.03,0,sedang
0,0,0,0,rendah
0,0,0,0,rendah
0,0,0,0,rendah
0,0,40,0,parah
0,0,15,0,parah
8000000000000,391000000000,5,0,parah
0,0,0,0,rendah
0,100,0,0,rendah
0,140000000000,0,0,parah
0,3000000,7.48,0,sedang
0,0,0,1,parah
0,1,0,0,rendah
0,1500000,0,0,rendah
0,0,0,0,rendah
0,0,323,0,parah
0,0,1,0,rendah
0,2510000000000,1,0,parah
10800000000,0,20,0,parah
0,0,0,0,rendah
0,0,85,0,parah
0,0,0,0,rendah
0,0,0,0,rendah
0,0,0,0,rendah
0,0,0,0,rendah
0,0,0,0,rendah
0,0,0,0,rendah
0,0,1.3,1,parah
0,107,6.96,0,sedang
0,0,70,0,parah
0,8500000000000,1,0,parah
0,5500,0,0,rendah
0,0,5,0,rendah
0,0,0,0,rendah
0,0,0,0,rendah
0,104280000000000,4.5,0,parah
0,0,0,0,rendah
0,0,0,0,rendah
0,8,6,1,parah
0,50000,64,0,parah
4000000000,62400000000000,10,0,parah
0,0,0,0,rendah
0,0,0,0,rendah
0,0,0,0,rendah
0,337000000000000,100,0,parah
0,0,0,1,parah
0,0,0,0,rendah
0,0,0,0,rendah
0,0,0,0,rendah
0,1,0,0,rendah
0,0,10,0,sedang
0,0,71.3,0,parah
0,0,0,0,rendah
0,0,82,0,parah
0,0,0,0,rendah
0,32000000000000,0,0,parah
0,0,0,0,rendah
87300000000,0,30,0,parah
5249,81880000,19,0,parah
0,0,0,0,rendah
0,0,0,0,rendah
0,10,1,0,rendah
0,0,34.2,0,parah
0,0,0,0,rendah
0,0,0,0,rendah
0,0,0,0,rendah
0,0,0,0,rendah
0,0,0,0,rendah
0,0,0,0,rendah
0,0,0,0,rendah
0,0,0,0,rendah
0,1770000000000,0.37,1,parah
0,0,100,0,parah
0,0,13,1,parah
0,0,0,0,rendah
0,0,0,0,rendah
0,13000000000,0,0,parah
0,0,0,0,rendah
0,0,0,0,rendah
0,0,90,0,parah
0,0,0,0,rendah
180000000000,2789000000000,5.3,1,parah
0,0,0,0,rendah
0,300000,60,0,parah
0,0,50,0,parah
0,273000000,0,0,sedang
0,0,0,0,rendah
0,50,6.45,0,sedang
0,0,0,0,rendah
0,0,0,0,rendah
0,3700000,0,0,rendah
0,0,0,0,rendah
0,0,0,0,rendah
0,0,0,0,rendah
0,0,0,0,rendah
0,700000,0,0,rendah
0,0,0,0,rendah
0,605000000,0,0,sedang
0,0,14,0,parah
2600000000,1,3.2,1,parah
0,101000,1100,0,parah
0,0,0,0,rendah
0,0,0,0,rendah
0,100000,7.55,0,sedang
0,3281700000000000,18.4,0,parah
0,0,0,0,rendah
0,1,0,0,rendah
0,3281700000000000,18.4,0,parah
0,30000,0,0,rendah
0,0,0,0,rendah
0,0,0,0,rendah
108000000000,0,10,1,parah
0,0,0,0,rendah
43000000000,1,16,0,parah
0,0,57,0,parah
0,0,0,0,rendah
0,0,0,0,rendah
0,0,0,0,rendah
0,0,0,0,rendah
0,5000,0,0,rendah
0,0,0,0,rendah
0,25800000000000,22,0,parah
0,100,0,0,rendah
0,0,0,0,rendah
0,0,0,0,rendah
0,0,0,0,rendah
0,0,0,0,rendah
0,0,60,0,parah
0,1000,0,0,rendah
0,0,147,0,parah
0,211278000000000,10.4,0,parah
0,0,0,1,parah
0,0,0,0,rendah
0,0,0,0,rendah
0,0,0,0,rendah
0,0,0,0,rendah
0,21000000000,0,0,parah
0,0,63,0,parah
130000000000,0,42.4,0,parah
0,0,0,0,rendah
0,0,63,0,parah
390200000000,10,7.6,0,parah
268900000000,0,0,0,parah
0,0,0,0,rendah
0,1,0,0,rendah
0,1500000000000,1,0,parah
0,0,5.9,0,sedang
0,0,0,0,rendah
0,0,0,0,rendah
0,1,0,0,rendah
0,0,0,0,rendah
0,3250000000000,1,0,parah
0,0,0,0,rendah
0,0,0,0,rendah
0,2000,0,0,rendah
0,0,0,0,rendah
0,0,0,0,rendah
0,0,0,0,rendah
0,0,0,1,parah
0,0,0,0,rendah
0,1700000000,0,0,parah
0,0,0,0,rendah
0,0,0,0,rendah
0,0,0,0,rendah
0,0,8,0,sedang
0,0,0,0,rendah
0,0,0,0,rendah
0,0,0,0,rendah
0,0,0,0,rendah
1,515000,88,1,parah
0,0,1,0,rendah
0,0,20,0,parah
0,100000,0,0,rendah
0,0,0,0,rendah
0,20000000,0,0,rendah
0,0,0,0,rendah
0,0,0,0,rendah
0,0,92.4,1,parah
0,0,0,0,rendah
0,0,5.72,1,parah
0,0,0,0,rendah
0,0,0,0,rendah
0,0,0,0,rendah
0,0,0,0,rendah
0,0,0,0,rendah
0,0,0,0,rendah
0,0,0,0,rendah
0,0,0,0,rendah
0,0,100,0,parah
0,0,100,1,parah
0,0,86.7,0,parah
0,0,0,0,rendah
0,10600,28,0,parah
0,0,0,0,rendah
0,0,0,0,rendah
0,0,4,0,rendah
0,0,0,0,rendah
0,0,0,0,rendah
0,2000,0,0,rendah
0,0,0,0,rendah
0,5000000,0,0,rendah
0,70000,0,0,rendah
0,0,92.4,1,parah
0,0,0,0,rendah
0,1,0,1,parah
0,0,0,0,rendah
0,1,10,1,parah
0,9311000000000,0.22,1,parah
0,0,0,0,rendah
50000000000,0,40.7,0,parah
0,0,0,0,rendah
0,0,0,0,rendah
0,0,0,0,rendah
0,0,0,0,rendah
0,150000,0,1,parah
0,0,0,0,rendah
0,0,0,1,parah
0,0,0,0,rendah
0,0,6.65,0,sedang
0,0,0,0,rendah
0,0,0,0,rendah
0,2400000000,0,0,parah
0,0,0,0,rendah
0,0,0,0,rendah
0,0,60.5,0,parah
0,0,0,0,rendah
0,0,5.3,1,parah
0,0,0,0,rendah
0,10,6,0,sedang
0,3000,0,0,rendah
0,1400000000000,100,0,parah
0,0,0,0,rendah
0,13500,0,0,rendah
0,0,1,1,parah
1100000000,18000000000000,27,0,parah
0,0,60,0,parah
0,8300,1.7,0,rendah
0,1,10,0,sedang
0,0,0,0,rendah
0,268000000000000,21.5,1,parah
0,9450,0,0,rendah
0,0,0,0,rendah
0,0,1,0,rendah
0,0,0,0,rendah
0,0,2.7,1,parah
0,0,1,0,rendah
0,0,3.2,1,parah
0,0,0,0,rendah
0,0,0,0,rendah
0,390000000000,0,0,parah
0,0,11,1,parah
1,1,0,1,parah
0,144000000000000,0,0,parah
0,0,0,1,parah
0,0,0,0,rendah
0,0,0,0,rendah
0,0,0,0,rendah
0,0,0,0,rendah
0,1400000000000,100,0,parah
0,0,0,0,rendah
0,0,5.4,0,sedang
0,0,0,0,rendah
0,0,0,0,rendah
0,0,0,0,rendah
0,0,27,0,parah
0,0,0,0,rendah
0,48680000000,1,0,parah
1,1,5,1,parah
0,0,4.8,1,parah
0,0,0,0,rendah
0,0,0,0,rendah
0,0,0,0,rendah
0,0,9.2,1,parah
0,0,1,0,rendah
268900000000,0,0,0,parah
0,0,0,0,rendah
0,0,5,0,rendah
0,0,4.9,1,parah
0,0,5.2,0,sedang
0,0,0,0,rendah
0,0,0,0,rendah
0,0,5.2,1,parah
0,1,1,1,parah
0,1,5,1,parah
0,0,2.49,0,rendah
0,0,5,0,rendah
0,0,0,0,rendah
0,0,29,1,parah
0,370000,64.5,0,parah
0,0,4.7,0,rendah
0,0,6.61,0,sedang
0,97000000,60,0,parah
0,0,0,0,rendah
0,2422000000000,87.2,0,parah
0,214000000000000,1,0,parah
0,0,5.72,0,sedang
0,100000,38,0,parah
1,21000000000000,1,0,parah
0,1,1,0,rendah
0,0,0,0,rendah
0,4800000000000,70,0,parah
0,0,0,0,rendah
0,700000,6,0,sedang
0,0,0,0,rendah
0,0,0,0,rendah
0,117000000,110.06,0,parah
0,1,0,0,rendah
0,0,0,0,rendah
0,0,0,0,rendah
0,0,0,0,rendah
0,0,40,0,parah
14381,14381,1.93,1,parah
0,1,5.71,1,parah
0,0,0,0,rendah
0,0,59.4,0,parah
0,0,0,0,rendah
0,0,0,0,rendah
0,62000000000000,0,0,parah
0,0,30,0,parah
0,0,0,0,rendah
0,0,0,0,rendah
0,0,0,0,rendah
0,0,1.50,0,rendah
0,0,0,0,rendah
0,0,1,0,rendah
0,1056000000000,0,0,parah
0,0,9.68,0,sedang
0,0,80,0,parah
0,0,0,0,rendah
0,0,0,0,rendah
0,0,65.8,0,parah
0,0,0,0,rendah
0,0,0,0,rendah
0,0,14,0,parah
0,0,0,0,rendah
0,15800000000,25,0,parah
0,0,0,0,rendah
0,0,0,0,rendah
0,0,0,0,rendah
15000,0,0,0,rendah
0,92600000000,20,0,parah
0,1,0,1,parah
0,0,0,0,rendah
0,0,0,0,rendah
0,500000,0,0,rendah
0,0,0,0,rendah
0,1200000,0,0,rendah
0,0,0,0,rendah
0,32010000000,40,0,parah
0,0,0,0,rendah
0,2,0,0,rendah
0,0,1,0,rendah
0,0,0,0,rendah
0,0,0,0,rendah
0,3210000000000,42,0,parah
0,43000000000000,0,0,parah
0,200000,0,0,rendah
0,20000000000000,0,0,parah
0,0,8,1,parah
0,0,1,0,rendah
24810000000,0,1.3,0,parah
0,0,20,0,parah
0,3,7.17,0,sedang
0,1000000000000,74,0,parah
0,0,0.01,0,rendah
5670000000,0,5.01,1,parah
0,2500000000,0,0,parah
0,0,0,0,rendah
0,0,100,0,parah
0,0,99,0,parah
0,116800000000,100,0,parah
0,713000000,0,0,sedang
0,1,0,0,rendah
0,0,0,0,rendah
0,0,0,0,rendah
0,0,0,0,rendah
0,1200000,0,0,rendah
0,0,0,0,rendah
0,6500000,0,0,rendah
0,1200000,0,0,rendah
0,1300000000000,30,0,parah
0,0,0,0,rendah
0,1,0,0,rendah
0,0,0,0,rendah
0,0,0,0,rendah
4430000000,0,6.97,1,parah
0,0,0,0,rendah
0,0,0,0,rendah
0,11000,0,0,rendah
11000000000,0,57,0,parah
0,20000,0,0,rendah
0,0,0,0,rendah
0,0,0,1,parah
0,0,0,0,rendah
0,0,143.7,0,parah
11000000000,0,0,0,parah
11000000000,0,0,0,parah
0,0,0,0,rendah
0,0,0,0,rendah
0,0,0,0,rendah
0,30000000,0,0,rendah
0,0,70,0,parah
0,0,0,0,rendah
0,60000000000,0,0,parah
75000000,1200000000000,0,0,parah
0,62000000000000,0,0,parah
0,0,4.84,0,rendah
0,1,0,1,parah
0,107000000000000,3.71,0,parah
0,0,0,0,rendah
0,0,0,0,rendah
24120000000,0,2.46,0,parah
0,1200000000000,17,0,parah
0,0,70,0,parah
0,0,30,0,parah
75000000,1000000000000,97,0,parah
3300000000,1,40,0,parah
0,0,0,0,rendah
0,0,0,0,rendah
0,10000,0,0,rendah
0,10000,0,0,rendah
0,0,0,0,rendah
600000000000,0,30,0,parah
0,1,0,0,rendah
0,0,0,0,rendah
0,0,0,0,rendah
1,0,0,0,rendah
1,11000,8,0,sedang
7100000000,0,0,0,parah
0,40700,0,0,rendah
0,0,0,0,rendah
0,10900000000000,1,0,parah
0,11000,0,0,rendah
0,1,7.5,1,parah
0,0,2.87,0,rendah
0,1000000000,0,0,sedang
0,0,0,0,rendah
9190000000,142900000000000,0,0,parah
0,0,0,0,rendah
0,0,3.7,0,rendah
0,0,0,0,rendah
0,1,0,0,rendah
31,0,40,0,parah
0,0,0,0,rendah
0,0,0,0,rendah
0,0,0,0,rendah
0,3000000,80,0,parah
0,1500000,0,0,rendah
0,0,30,0,parah
0,1000000000,0,0,sedang
0,0,0,0,rendah
0,0,0,0,rendah
0,0,0,0,rendah
0,1500000,0,0,rendah
0,5000,0,0,rendah
0,0,0,0,rendah
0,125000,0,0,rendah
0,0,0,0,rendah
0,0,0,0,rendah
0,2500000,6,0,sedang
0,150000000,0,0,sedang
0,0,5.83,0,sedang
0,0,0,0,rendah
0,0,0,0,rendah
0,1,0,0,rendah
0,1,0,0,rendah
0,100000,0,0,rendah
0,0,59.4,0,parah
0,0,0,0,rendah
0,600000000,0,0,sedang
0,84100000000,42,0,parah
0,40000,0,0,rendah
0,0,0,0,rendah
0,3000000000000,4.83,0,parah
0,397500,0,0,rendah
0,0,0,0,rendah
0,0,0,0,rendah
0,5000000,1,0,rendah
0,0,80,1,parah
0,1000000,90,0,parah
0,0,0,0,rendah
0,0,50,0,parah
0,10,1,0,rendah
0,0,0,0,rendah
0,3690000000,0,0,parah
0,300000,0,0,rendah
0,1,0,0,rendah
0,0,1,0,rendah
0,0,70,0,parah
0,2500000000,0,0,parah
0,0,0.25,1,parah
0,1525000,0,0,rendah
0,0,0,0,rendah
0,1,0,0,rendah
0,0,16.4,0,parah
0,0,0,0,rendah
0,0,0,0,rendah
0,1295000,0,0,rendah
0,1170000,0,0,rendah
0,0,0,0,rendah
0,0,5,1,parah
0,0,24,0,parah
0,1134000000000,41,0,parah
0,0,0,0,rendah
0,150000,0,0,rendah
0,0,100,0,parah
0,0,0,0,rendah
0,0,75,0,parah
0,17800000000000,0,0,parah
0,0,0,0,rendah
0,0,0,0,rendah
0,5000000000000,0,0,parah
0,0,0,0,rendah
0,0,100,0,parah
0,713000000,0,0,sedang
0,0,0,0,rendah
0,4500000000000,4,0,parah
0,0,0,1,parah
0,0,0,0,rendah
0,7500000000000,10,0,parah
0,0,5.72,1,parah
0,0,0,0,rendah
0,1580000000000,2.8,0,parah
0,0,0,0,rendah
0,1540000,0,0,rendah
0,0,0,0,rendah
0,0,0,0,rendah
0,0,0,0,rendah
0,100,0,0,rendah
0,0,0,0,rendah
0,0,300,0,parah
0,0,20,0,parah
0,0,0,0,rendah
0,0,5,0,rendah
0,1,5.3,1,parah
0,0,0,0,rendah
0,0,0,0,rendah
0,0,150,0,parah
0,0,0,0,rendah
0,0,0,0,rendah
0,0,3.31,1,parah
0,0,5,0,rendah
0,1800000000000,1,0,parah
0,0,0,0,rendah
0,0,0,0,rendah
0,0,24,0,parah
0,0,0,0,rendah
0,0,0,0,rendah
0,0,30,0,parah
0,0,0,0,rendah
0,0,56.3,1,parah
0,200000000000,0,0,parah
0,1,7.5,1,parah
0,0,90,0,parah
0,0,0,0,rendah
0,0,0,0,rendah
0,0,0,1,parah
0,0,0,0,rendah
0,0,0,0,rendah
0,1000,0,0,rendah
0,15000000,0,0,rendah
0,0,0,0,rendah
0,0,0,0,rendah
0,0,0,0,rendah
0,0,0,0,rendah
0,10000000,6,0,sedang
0,0,0,0,rendah
0,0,1,0,rendah
0,227800000000000,22.1,0,parah
1100000000,10,0,0,parah
0,0,20,0,parah
0,20,0,0,rendah
0,100000000,100,0,parah
0,0,0,0,rendah
0,0,0,0,rendah
0,0,60,0,parah
0,1634,5.4,1,parah
0,10000000,64.5,0,parah
0,150000,75,0,parah
0,0,426,0,parah
0,1260000,1,0,rendah
0,0,3,0,rendah
0,0,25,0,parah
0,21000000000000,0,0,parah
0,0,0,0,rendah
0,0,0,0,rendah
0,100000000,0,0,rendah
0,2812,0,0,rendah
0,164.66,0,0,rendah
0,0.08560000000000001,5.72,1,parah
0,3000,0,0,rendah
0,0,0,0,rendah
0,2000000,0,0,rendah
0,0,0,0,rendah
0,100000000,0,0,rendah
0,0,0,0,rendah
0,0,40,0,parah
0,227000,57,0,parah
0,120000000,0,0,sedang
0,0,0,0,rendah
15000000000,0,25.3,1,parah
0,8000000,80,0,parah
383000000,0,1,0,sedang
0,227000,126,0,parah
31,0,401,0,parah
0,0,0,0,rendah
0,1,5.3,1,parah
0,0,0,0,rendah
0,0,0,0,rendah
0,0,14,0,parah
0,0,0,0,rendah
1100000000,18000000000000,0,0,parah
0,0,2,0,rendah
0,0,1.1,0,rendah
0,0,0,0,rendah
200000000000,0,15,0,parah
15722,28,0.32,1,parah
0,0,151,0,parah
1100000000,468000000000000,28,0,parah
11130000000000,0,22,0,parah
0,0,2.9,1,parah
0,0,0,0,rendah
0,11000,1,0,rendah
0,0,0,0,rendah
0,0,22,0,parah
0,0,35,1,parah
0,6000,0,0,rendah
0,700000000000,10,0,parah
0,0,0,1,parah
0,0,0,0,rendah
0,0,5,0,rendah
0,0,10,0,sedang
0,1,0,1,parah
0,0,0,0,rendah
0,0,323,0,parah
0,0,0,0,rendah
0,0,0,0,rendah
0,10000,0,0,rendah
0,0,0,0,rendah
1,1,0,0,rendah
0,0,0,0,rendah
0,0,0,0,rendah
0,600000,2,1,parah
0,0,0,0,rendah
0,227000,126,0,parah
0,0,1,0,rendah
0,3061000000000,0,0,parah
100000000000,1600000000000,0,0,parah
0,5500000000000,0,0,parah
0,1,0,0,rendah
0,0,0,0,rendah
0,30000,57,0,parah
0,0,0,0,rendah
0,0,0,0,rendah
0,0,0,0,rendah
0,0,20,0,parah
0,0,0,0,rendah
0,0,0,0,rendah
0,0,0,0,rendah
0,0,0,0,rendah
0,1000,0,0,rendah
87000000,1200000000000,23,0,parah
0,0,0,0,rendah
0,0,0,0,rendah
0,0,0,0,rendah
0,0,0,0,rendah
0,8000000000000,0,0,parah
0,0,90,0,parah
0,8000000,0,0,rendah
0,80000000,0,0,rendah
0,1000000,0,0,rendah
0,0,0,0,rendah
0,0,5.3,0,sedang
0,0,3.47,0,rendah
0,25,0,0,rendah
0,0,80,0,parah
0,0,0,0,rendah
0,0,60,0,parah
0,0,3.95,0,rendah
0,110000,0,0,rendah
0,0,1,0,rendah
0,0,61.8,0,parah
0,6000,0,0,rendah
0,0,0.86,0,rendah
0,14,0,0,rendah
0,0,0,0,rendah
0,173000000000,43,0,parah
210380000000,439000000000000,5.1,0,parah
0,1,5.3,1,parah
0,0,22,0,parah
0,0,7,0,sedang
0,30000000,0,0,rendah
0,0,0,0,rendah
0,0,0,0,rendah
0,0,0,0,rendah
0,0,6.2,0,sedang
0,0,1,0,rendah
