title,description,time,what,when,who,provinsi,kabupaten / kota,kecamatan,meniggal,luka,hilang,tenggelam,pesawat,klasifikasi
Lansia 62 Tahun Tewas Tertabrak Bus Transjakarta di Kebon Sirih," \- Seorang pejalan kaki berusia 62 tahun berinisial FNR tewas akibat
tertabrak bus Transjakarta pada pukul 21.30 WIB, Jumat, 28 Oktober 2022.
Kepala Seksi Kecelakaan Lalu Lintas Polda Metro Jaya Komisaris Edi Purwanto
mengatakan korban meninggal dunia saat dalam perawatan.

""Mengalami luka pada bagian kepala belakang sobek, kaki kanan dari paha
belakang sampai betis lecet dan memar. Meninggal dalam perawatan,"" kata Edi
dalam keterangan tertulis, Sabtu, 29 Oktober 2022.

Dia menjelaskan kejadian berawal saat bus Transjakarta berpelat nomor B 7003
SGX yang dikemudikan oleh pengemudi berinisial S berumur 33 tahun melaju dari
arah barat atau Kebon Sirih menuju arah Selatan, tepatnya di Jalan M. H.
Thamrin, Jakarta Pusat.

""Sesampainya di TKP tepatnya Kebon Sirih diduga karena kurang hati-hati dan
konsentrasi. Saat akan berbelok arah menabrak pejalan kaki atas nama FNR yang
berjalan dari arah timur menuju arah barat sehingga terjatuh akibat dari
kejadian laka lantas tersebut,"" ujar Edi.

Korban yang terluka langsung dibawa ke rumah sakit untuk menjalani perawatan.
Namun hari ini, Edi memastikan bahwa korban telah menghembuskan napas
terakhir. ""Pejalan kaki atas nama FNR mengalami luka dibawa ke RS Tarakan
untuk mendapatkan perawatan,"" tuturnya.

 ","Sabtu, 29 Okt 2022 16:16 WIB","kejadian, akibat, tertabrak, orang, korban, meninggal, pengemudi, mengalami, luka, laju, keterangan, diduga, dikemudikan, melaju, langsung, menabrak, jakarta, jatuh, terjatuh, terluka, memar, tewas, lecet, celaka, sial",29/10/2022,edi,dki jakarta,jakarta pusat,-,62,1,0,0,0,sedang
Tingkat Kecelakaan Transjakarta Mengalami Penurunan pada 2 Tahun Terakhir," \- Direktur Operasi dan Keselamatan PT Transportasi Jakarta (Transjakarta)
Yoga Adiwinarto menyebutkan tingkat kecelakaan ( bus Transjakarta mengalami
penurunan selama 2 tahun terakhir. Tingkat kecelakaan juga menunjukkan
penurunan pada tiga kuartal 2022.

Tercatat, accident rate pada 2018 adalah 1,67, namun baik menjadi 2,68 pada
2019. Namun pada 2020, tingkat kecelakaan kembali turun menjadi 1,82, dan
terus turun menjadi 0,78 pada 2021. Pada 2022, angkanya menurun ke 0,51.

""Hal itu berdasarkan per 100.000 km sesuai PM 85 tahun 2018,"" kata Yoga di
Jakarta, Selasa, 8 November 2022.

Yoga juga memaparkan kinerja operasional Transjakarta pada 2002. Pada tahun
ini, PT Transjakarta telah melakukan pembukaan 27 rute baru. Bila tahun 2021
terdapat 175 rute, sekarang ada 202 rute.

## Transjakarta Tambah Armada

PT Transjakarta juga menambah 223 armada. Pada 2021, perusahaan transportasi
itu memiliki 3.413 armada, dan tahun ini bertambah menjadi 3.636 unit. ""Ada
yang bus besar, ada juga yang bus kecil (mikrotrans/angkot),"" ujarnya.

Jumlah penumpang juga meningkat. Pada awal Februari, Transjakarta dapat
mengangkut sebanyak 817.000 penumpang per hari.

""Pelanggan meningkat sebanyak 57 persen. Jadi yang tadinya di tahun 2021 hanya
87,2 juta pelanggan, kami bisa meraih hingga 137 juta pelanggan dari bulan
September 2021 sampai September 2022,"" ucap Yoga.

Cakupan layanan Transjakarta per Desember 2021 tercatat 82,1 persen dengan
penambahan 27 rute dan 16 rute yang dilakukan modifikasi. Cakupan layanan per
Oktober 2022 pun naik menjadi 86,8 persen.

Dengan rencana akan dibukanya 6 rute baru dia menargetkan cakupan layanan
Transjakarta pada Desember 2022 dapat meningkat. ""Cakupan layanan Transjakarta
bertambah 4,7 persen di tahun 2022 dan di akhir tahun ditargetkan menjadi 91,5
persen,"" ujarnya.

 ","Selasa, 08 Nov 2022 17:02 WIB","kecelakaan, 2018, mengalami, jakarta, penurunan, unjuk, io, celaka",08/11/2022,,-,-,-,0,0,0,0,0,rendah
Transjakarta Bentuk Divisi Keselamatan untuk Tekan Risiko Kecelakaan," \- PT Transportasi Jakarta (Transjakarta) membentuk Divisi Keselamatan
untuk meningkatkan keselamatan perjalanan armadanya. Direktur Operasi dan
Keselamatan PT Transjakarta Yoga Adiwinarto mengatakan bertambahnya risiko
kecelakaan pada bus Transjakarta dapat terjadi ketika jumlah bus dan jumlah
rute bertambah.

""Kita baru bentuk Divisi Keselamatan memang di tahun 2022. Risiko Transjakarta
220 rute yang dijalankan itu hanya 39 yang BRT, sisanya itu non-BRT dan
mikrotrans,"" kata Yoga di Jakarta, Selasa, 8 November 2022.

Menurut Yoga risiko kecelakaan cenderung meningkat karena jumlah armada dan
rute bertambah banyak. ""Teorinya adalah makin banyak dia berjalan, makin besar
risikonya. Itulah yang kita pakai mengapa kita terus mengadvokasi ,"" ujarnya.

Yoga mengatakan PT Transjakarta menggunakan standar dari Kementerian
Perhubungan untuk mengukur tingkat kecelakaan armadanya.

Dia juga mengatakan risiko bukan hanya ada di pihak Transjakarta. Risiko bisa
berasal dari pelanggaran yang dilakukan pengendara motor dan mobil sehingga
berdampak pada kecelakaan yang melibatkan Transjakarta.

""Jadi kalau dibilang Transjakarta belum ada awareness-nya itu kita sedang
perbaiki, kita sudah mulai , inilah yang dilakukan oleh program Transjakarta
untuk menjaga keselamatan. Dan bukan hanya operatornya, manajemennya juga kita
rangkul bahwa keselamatan itu harus menjadi prioritas,"" ucap Yoga

Yoga menambahkan, pihak Transjakarta tidak bisa bergerak sendirian kalau
seandainya jalur lalu lintas masih harus berbagi dengan rute-rute kendaraan
yang lain. ""Jadi ini menurut saya momen yang bagus juga untuk kita, baik
Dishub, Kepolisian atau instansi lain untuk mengampanyekan tentang
keselamatan"" ujarnya.

Namun Yoga mengatakan pihaknya akan bertanggung jawab kalau kecelakaan itu
berhubungan dengan Transjakarta. Tapi kampanye keselamatan adalah tanggung
jawab bersama, dengan dinas dan instansi lain.

 ","Rabu, 09 Nov 2022 08:26 WIB","kecelakaan, kendaraan, pengendara, motor, melibatkan, polisi, jakarta, risiko, dampak, momen, mobil, api, io, celaka, ulah",09/11/2022,,-,-,-,0,0,0,0,0,rendah
"Kronologi Kecelakaan di Jalan Arif Rahman Hakim Depok, Seorang Ibu Tewas Terlindas Truk"," \- Kanit Laka Lantas Polres Metro Depok Ajun Komisaris Rasman menyebutkan,
kejadian kecelakaan yang melibatkan truk dan pengendara motor di Jalan Arif
Rahman Hakim pada Jumat tadi malam, disebabkan karena pengendara sepeda motor
yang kurang berhati-hati.

Jadi hasil penyelidikan sementara, pengendara sepeda motor itu tidak
konsentrasi kemudian nyenggol motor lain, oleng ke kiri nabrak separator,
kemudian mental ke kanan jalan, kata Rasman dikonfirmasi Tempo, Sabtu 29
Oktober 2022.

Rasman melanjutkan, disaat yang bersamaan melintas satu unit truk tanah nopol
B 9698 NQC dan tidak dapat menghindari korban yang terjatuh dari motor.

Truk enggak bisa menghindar, sehingga korban inisial NS (39 tahun) terlindas
roda truk, kata Rasman.

Karena luka cukup parah dibagian kepala, NS meninggal saat dilarikan ke rumah
sakit, sementara korban lainnya MM (64 tahun) dan AK (16 tahun) selamat dan
masih dalam perawatan di rumah sakit.

Kejadian masih dalam penyelidikan hingga hari ini, sopir truk AI (47) masih
kita amankan, dan kita akan mengecek CCTV, kata Rasman.

Kecelakaan maut yang terjadi di Jalan Arif Rahman Hakim itu terjadi pada Jumat
malam 28 Oktober 2022 sekitar pukul 19.40.

Sebuah truk menyeruduk sepeda motor nopol B 6770 EVR yang tengah melintas di
depannya.

Saksi mata di lokasi kecelakaan, Opik 44 tahun mengatakan, motor itu
ditumpangi satu keluarga yang terdiri dari ayah MM, NS dan satu orang anak AK.

""Tiba-tiba dari arah belakang melintas truk langsung menyeruduk motor
tersebut,"" kata Opik ditemui Tempo dilokasi kejadian.

""Ibunya terlindas, keras banget suaranya,"" tambahnya.

ADE RIDWAN YANDWIPUTRA

 ","Sabtu, 29 Okt 2022 09:13 WIB","kejadian, kecelakaan, pengendara, lokasi, orang, korban, meninggal, motor, hasil, luka, melibatkan, langsung, sepeda, jatuh, terjatuh, penyelidikan, terlindas, ditumpangi, aksi, menyeruduk, tumpangi, celaka, sial",29/10/2022,dibagian,-,-,-,1,1,0,0,0,sedang
"27 Ahli Waris Korban Sriwijaya Air SJ 182 Belum Terima Kompensasi, Ini Kilas Balik Kecelakaannya"," \- Sebanyak 27 anggota keluarga kecelakaan pesawat Sriwijaya Air SJ 182
belum menerima kompensasi. Padahal, insiden tersebut terjadi hampir dua tahun
lalu pada 9 Januari 2021. Hal ini disampaikan oleh Pelaksana Tugas Direktur
Jenderal Perhubungan Udara Kementerian Perhubungan Nur Isnin Istiartono.

Ahli waris belum menerima ganti rugi sesuai PM (Peraturan Menteri) 77 Tahun
2011 sebanyak 27 orang, kata Nur Isnin dalam Rapat Dengar Pendapat atau RDP
dengan Komisi V DPR RI, Kamis, 3 November 2022.

Dalam rapat tersebut, Nur Isnin juga menyampaikan pihaknya telah memberi ganti
rugi kepada 35 ahli waris dari total 62 korban senilai Rp 1,5 miliar, termasuk
uang kerohiman dari Sriwijaya Air dan santunan Jasa Raharja. Penyelesaian
ganti rugi yang diterima ahli waris sebesar Rp 1,25 miliar ditambah dengan Rp
250 juta uang kerohiman dari Sriwijaya, kata dia.

Awal Januari 2021, pemberitaan Tanah Air diramaikan dengan kabar hilangnya
pesawat maskapai Sriwijaya dengan kode penerbangan SJ 182. Pesawat rute
Jakarta ke Pontianak, Kalimantan Barat itu hilang kontak usai lepas dari
Bandara Internasional Soekarno-Hatta. Sebelum hilang, terakhir pesawat
tercatat berada di sekitar Kepulauan Seribu, Jakarta. Burung besi dengan kode
registrasi PK-CLC ini membawa 50 penumpang dan 12 kru pesawat.

Adapun kronologi hilangnya pesawat yaitu pada pukul 14.36 pesawat lepas landas
dari Bandara Soekarno-Hatta. Keberangkatan ini terlambat 30 menit dari jadwal
karena ada delay. Kemudian pada pukul 14.37, setelah melewati ketinggian 1.700
kaki, pesawat berkomunikasi dengan Jakarta Approach meminta izin menaikkan
ketinggian terbang. Pesawat diizinkan naik ke ketinggian 29.000 kaki dengan
mengikuti standard Instrument Departure (SID).

Pada pukul 14,38, ketinggian pesawat mencapai 5.975 kaki dan terbang ke arah
287 derajat. Pesawat mencapai ketinggian 9.175 kaki dan berbelok ke arah 9
derajat pada pukul 14.39. Kemudian pukul 14.40, Jakarta Approach melihat
pesawat Sriwijaya Air tak mengarah me 075 derajat, melainkan ke barat laut.
Pihak Air Traffic Controller (ATC) meminta pilot in command melaporkan arah
pesawat. Namun dalam hitungan detik, pesawat hilang dari radar.

Situs web pemantau pergerakan pesawat, Flightstandar24.com, melaporkan SJ-182
mencapai ketinggian 10.900 kaki dengan kecepatan 512 kaki per menit atau FPM.
Namun, pada detik kedelapan pukul 14.40 ketinggian pesawat anjlok ke 10.725
kaki dengan kecepatan menukik 30,7 ribu FPM. Pesawat bergerak miring 30
derajat ke arah kiri. Pada pukul 14.40.16, pesawat tercatat berada di
ketinggian 8.125 kaki dengan kecepatan 4,544 FPM. Pesawat kian mengarah ke
kiri.

Pada detik 20 pukul 14.40 pesawat terus menukik ke bawah di ketinggian 5.400
kaki, kecepatannya naik drastis menjadi 22,9 ribu FPM sambil berubah heading
arah kanan. Tujuh detik kemudian, Flightstandar24.com mencatat posisi pesawat
terakhir di ketinggian 250 kaki dengan heading sekitar 93 derajat ke arah
timur. Pemerintah menyatakan pesawat jatuh di perairan antara Pulau Lancang
dan Pulau Laki. Dengan radius 1,5-2 mil dengan kedalaman maksimal 20-23 meter.

Pada pukul 14.40 WIB dari Jakarta melihat Sriwijaya tidak ke arah 075 derajat
melainkan ke barat laut tidak lama kemudian dalam hitungan second, target
Sriwijaya 182 hilang dari radar, kata Menteri Perhubungan Budi Karya Sumadi.

Terbaru, berdasarkan hasil investigasi Komite Nasional Keselamatan
Transportasi atau KNKT akhirnya ditemukan penyebab terjadinya kecelakaan
penerbangan SJ 182. Proses investigasi ini dipimpin oleh KNKT dan dilaksanakan
sesuai ketentuan Internasional Civil Aviation Organization (ICAO). Investigasi
juga melibatkan negara pembuat pesawat Boeing, Amerika Serikat, serta
Transport Safety Investigation Bureau Singapura, Air Accident Investigation
Branch Inggris, hingga pabrik mesin General Electric.

Ketua Sub Komite Investigasi Kecelakaan Penerbangan KNKT Nurcahyo Utomo
mengatakan timnya meyakini adanya gangguan pada sistem mekanikal pesawat
Boeing 737-500 dengan registrasi PK-CLC itu. Dari Flight Data Recorder (FDR)
dan Cockpit Voice Recorder (CVR) yang sudah diunduh datanya, pada saat pesawat
naik terjadi perubahan mode auto pilot. Sebelumnya menggunakan komputer,
kemudian berpindah menggunakan mode kontrol panel, terang Nurcahyo dalam RDP
bersama Komisi V DPR RI di Jakarta, Kamis, 3 November 2022.

Setelah melakukan pemeriksaan terhadap tujuh komponen pesawat, tim investigasi
memastikan terdapat gangguan mekanikal pada pesawat. Bukan pada sistem
komputer. Nurcahyo menjelaskan, dalam operasi normal, auto-throttle akan
menggerakkan kedua thrust lever mundur untuk mengurangi tenaga mesin.
Sementara pada SJ 128, auto-throttle tidak dapat menggerakkan thrust lever
kanan. Menjelang ketinggian 11.000 kaki, tenaga mesin semakin berkurang
lantaran thrust lever kanan tidak bergerak.

Akibatnya terjadi asimetri atau perbedaan tenaga mesin sebelah kanan dan kiri.
Asimetri inilah yang menyebabkan Sriwijaya Air SJ 182 berbelok ke arah kiri,
karena gaya yang membelokkan ke kanan oleh aileron dan flight spoiler tidak
berfungsi.

Nurcahyo menilai kurangnya monitoring pada instrumen dan posisi kemudi yang
miring, sehingga Cruise Thrust Split Monitor (CTSM) terlambat memutus pada
saat asimetri karena f memberikan nilai yang lebih rendah berakibat pada
asimetri yang semakin besar. Pemulihan ini tidak bisa dilaksanakan secara
efektif dan tepat waktu, kata dia.

 ","Jumat, 04 Nov 2022 13:01 WIB","kecelakaan, akibat, orang, korban, hasil, pemeriksaan, melibatkan, investigasi, insiden, pesawat, jatuh, aksi, anjlok, hitungan, hilangnya, rugi, menukik, io, celaka",04/11/2022,"pemantau, budi karya sumadi",kalimantan barat,pontianak,-,0,0,1,0,1,parah
"Transjakarta Rawan Kecelakaan dan Pelecehan Seksual, Azas Tigor Kritik Kerja Manajemen"," \- Ketua Forum Warga Kota Jakarta (FAKTA), Azas Tigor Nainggolan,
mengkiritisi kinerja PT Transjakarta lantaran belakangan ini banyak penumpang
yang mengeluhkan keamanan dan kenyamanan di bus.

Dinas Perhubungan DKI Jakarta mencatat, bus transjakarta terlibat dalam 827
kecelakaan pada periode Januari-September 2022. Angka ini hampir tiga kali
lipat dari total kecelakaan yang melibatkan bus transjakarta pada sepanjang
2021, kata dia melalui keterangan tertulis, Ahad, 6 November 2022.

Dia menilai tingginya angka kecelakaan bus Transjakarta disebabkan kompetensi
pengemudi yang nihil dan mengemudi ugal-ugalan karena mengejar target
kilometer jalan. Jelas sangat riskan dan alami kecelakaan lalu lintas di
jalan raya, ujarnya.

Menurut dia, aspek keselamatan penumpang sangat tidak diperhatikan oleh
manajemen Transjakarta. Pertanyaannya, kenapa sopir nihil kompetensi bisa
menjadi pengemudi bus Transjakarta?, kata Tigor.

Selain kecelakaan, kata Tigor, banyak penumpang Transjakarta sering mengangkat
keluhannya dan ketakutannya akibat maraknya pelecehan seksual di bus
Transjakarta. Oktober saja diunggah di sosial media bahwa ada dua kejadian
pelecehan seksual yang pelakunya sama, ucapnya.

Ia menilai kondisi ini disebabkan kebijakan operasional Transjakarta yang
menahan atau membatasi jumlah bus Transjakarta yang beroperasi melayani
penumpang. Seharusnya pada jam sibuk bus Transjakarta dioperasikan jumlahnya
harus memadai dan sesuai kebutuhan jumlah penumpangnya, kata Tigor.

Selama ini, kata Tigor, PT Transjakarta membayar operator yang bekerja sama
dengannya dalam sistem pembayaran kilometer jalan.

Artinya, PT Transjakarta hanya membayar sesuai jumlah kilometer perjalanan
yang dicapai oleh bus para operatornya. Kondisi bus kosong atau penuh sesak
pembayaran tiap kilometernya sama sesuai kontrak kerja antara operator dengan
PT Transjakarta.

Padahal setiap tahunnya Transjakarta mendapatkan subsidi dari APBD Jakarta
dalam hitungan jumlah per penumpang, ujar dia.

Ia mengatakan manajemen Transjakarta menjadikan uang subsidi sebagai
pendapatan karena berhasil menekan penggunaannya dengan mengurangi jumlah bus
beroperasi saat jam sibuk atau tingginya kebutuhan penumpang.

Ini sama saja PT Transjakarta bermain untuk mendapatkan kelebihan pendapatan
dari uang subsidi APBD dengan mengorbankan penumpangnya. Menekan atau
membatasi jumlah bus Transjakarta yang dioperasikan untuk mengirit pengeluaran
biaya operasional karena hitungannya adalah kilometer jalan setiap bus yang
beroperasi, ucapnya.

Berbeda dengan pendapatan untuk biaya operasional gaji manajemen begitu
tinggi dinikmati para direksinya dan pejabat lainnya di PT Transjakarta.
Akibatnya, sering kita lihat ketika jam sibuk bus Transjakarta dan bahkan di
halte Transjakarta penuh sesak oleh penumpang, kata Tigor.

MUTIA YUANTISYA

 ","Minggu, 06 Nov 2022 14:25 WIB","kejadian, kecelakaan, akibat, terlibat, pengemudi, hasil, melibatkan, keterangan, penumpangnya, jakarta, dioperasi, pelecehan, ketakutan, hitungan, mengorbankan, mengemudi, tensi, io, celaka, sial",06/11/2022,,dki jakarta,-,-,0,0,0,0,0,rendah
Heru Budi Minta Transjakarta Terapkan Pola Pikir Keselamatan untuk Cegah Kecelakaan," \- Penjabat (Pj) Gubernur DKI Jakarta Heru Budi Hartono meminta
TransJakarta memiliki dan menerapkan pola pikir (mindset) keselamatan yang
utama, terlebih Dinas Perhubungan DKI Jakarta mencatat bus TransJakarta
terlibat dalam 827 kecelakaan pada periode Januari-September 2022.

""Artinya TransJakarta harus membangun pola pikir atau 'mindset' untuk
menerapkan 'safety first' di setiap layanannya yang dimiliki,"" kata Heru saat
berbincang santai di Balai Kota Jakarta, Selasa petang, 8 November 2022.

Dalam menerapkan pola pikir itu, kata Kepala Sekretariat Presiden (Kasetpres)
tersebut, TransJakarta harus melakukan standarisasi bagi pramudi baik itu dari
BUMD bidang transportasi tersebut atau dari operator.

""Harus ada standarisasi yang sama untuk pengemudi TransJakarta dan juga
operator. Sekolahkan bila perlu untuk bisa memahami kendaraan yang akan
dibawanya, terlebih sebentar lagi ada banyak kendaraan listrik kan,"" kata
Heru.

Heru juga menekankan bahwa TransJakarta harus menerapkan rekomendasi Komisi
Nasional Keselamatan Transportasi (KNKT) yang telah juga menyusun Standar
Kompetensi Kerja (SKK) khusus bagi Transjakarta.

""Itu rekomendasi yang memang harus diterapkan. Kami akan dorong TransJakarta
untuk menerapkan,"" tutur Heru.

Di tempat lainnya, Badan Usaha Milik Daerah (BUMD) DKI Jakarta, PT
Transportasi Jakarta (TransJakarta) mengklaim angka kecelakaan yang melibatkan
bus TransJakarta terus menurun sejak tahun 2020.

""'Accident rate' TransJakarta mengalami penurunan di dua tahun terakhir,
termasuk pada tiga kuartal di 2022,"" kata Direktur Operasional dan Keselamatan
PT TransJakarta, Yoga Adiwinarto saat diwawancarai di Menteng, Jakarta,
Selasa.

Yoga mengatakan, tingkat kecelakaan (accident rate) diukur berdasarkan setiap
100.000 kilometer (km) sesuai Peraturan Menteri Perhubungan Nomor 85 Tahun
2018 tentang Sistem Manajemen Keselamatan Perusahaan Angkutan Umum.

Yoga menjelaskan, pada tahun 2020 angka kecelakaan TransJakarta menurun
mencapai angka 1,82 persen pada 2020 dan turun menjadi 0,51 persen pada 2022.

""'Accident rate' rata-rata mengalami penurunan dari 2,68 persen di 2019, turun
ke 1,82 persen di 2020, turun 0,78 persen bahkan sampai 0,51 persen di tahun
2022 angka kecelakaan,"" katanya.

 ","Rabu, 09 Nov 2022 07:56 WIB","kecelakaan, kendaraan, 2018, terlibat, pengemudi, mengalami, melibatkan, jakarta, penurunan, klaim, tensi, io, celaka",09/11/2022,"heru budi hartono, mindset, heru",dki jakarta,-,-,0,0,0,0,0,rendah
"Transjakarta Sudah Jalankan Rekomendasi KNKT, Angka Kecelakaan Masih Tinggi"," \- Kepala Dinas Perhubungan DKI Jakarta Syafrin Liputo menyatakan
TransJakarta telah menjalankan sebagian besar rekomendasi Komite Nasional
Keselamatan Transportasi (KNKT). Namun angka kecelakaan yang melibatkan armada
bus Transjakarta masih tinggi.

""Setelah rekomendasi dituntaskan memang belum langsung terlihat hasilnya,""
kata Syafrin di Jakarta, Rabu, 9 November 2022, seprti dikutip .

Rekomendasi KNKT yang sudah dilaksanakan, antara lain pemeriksaan kesehatan
kepada pengemudi bus Transjakarta sebelum bertugas. Menurut Syafrin,
rekomendasi itu dilaksanakan secara bertahap, yaitu jangka pendek, menengah,
dan jangka panjang.

Dishub DKI juga sudah melakukan pengawasan atas pencapaian standar pelayanan
minimum di TransJakarta.

Syafrin meminta PT Transjakarta fokus terhadap fungsinya dalam pengelolaan bus
oleh operator mitranya. Transjakarta juga diminta meningkatkan pelayanan
kepada masyarakat. ""Dengan fokus ke dalam, pengawasan sarana atau kendaraan
dinyatakan siap beroperasi, termasuk di dalamnya sumber daya manusia yang
ada.""

Berdasarkan data Dinas Perhubungan DKI Jakarta, kecelakaan yang melibatkan
TransJakarta mencapai 335 kasus pada 2021. Angka itu melonjak hampir 3 kali
lipat pada triwulan I-III 2022 , yaitu 827 kasus kecelakaan melibatkan
TransJakarta.

Pada akhir 2021, KNKT memberikan 4 rekomendasi kepada TransJakarta setelah
kecelakaan berturut-turut yang menimbulkan korban. Rekomendasi itu meliputi
evaluasi manajemen risiko di TransJakarta, kelaikan armada, kelaikan awak,
serta keselamatan rute atau lintasan. KNKT juga meminta kompetensi pengemudi
dilakukan dengan meninjau kembali standar kompetensi kerja nasional Indonesia
(SKKNI) serta skema kompetensi profesi.

 ","Rabu, 09 Nov 2022 17:57 WIB","kecelakaan, kendaraan, korban, pengemudi, hasil, pemeriksaan, melibatkan, langsung, jakarta, risiko, tensi, io, celaka",09/11/2022,syafrin liputo,dki jakarta,-,-,0,0,0,0,0,rendah
"Kecelakaan Bus Tabrak Showroom di Jalan I Gusti Ngurah Rai Jaktim, Polisi Bakal Tes Urine Sopir"," \- Sebuah bus Hiba Utama dengan kode A48 mengalami kecelakaan karena
menabrak bangunan showroom di Jalan I Gusti Ngurah Rai, Jakarta Timur, pagi
ini. Kasatlantas Wilayah Jakarta Timur AKBP Edy Surasa menduga kecelakaan
disebabkan sopir bus lalai atau ngantuk.

""Kami dalami. Penyebabnya mungkin ngantuk atau karena kelalaian mereka atau
mungkin saat itu main HP. Kami lagi fokus evakuasi dulu,"" kata Edy kepada
wartawan pada Rabu, 2 November 2022.

Edy memastikan tidak ada korban jiwa dalam kejadian ini. Pada saat menabrak
showroom, kondisi bus sedang tidak membawa penumpang. Showroom pun belum ada
pegawainya.

""Sejauh ini karyawan belum ada. Informasi tadi pagi ada lalu lalang kendaraan.
Mungkin ada motor atau apa tapi sejauh ini belum ada resmi,"" ujarnya.

Sopir bus itu telah dibawa ke Satuan Lalu Lintas Wilayah Jakarta Timur. Polisi
membuka opsi untuk melakukan tes urine kepada sopir tersebut untuk mengetahui
kemungkinan pengaruh alkohol sebagai penyebab kecelakaan. ""Kami lihat kondisi
sopir, kalau alkohol, orang mabuk atau apa, bisa terlihat sekali,"" ujarnya.

 ","Rabu, 02 Nov 2022 15:12 WIB","kejadian, kecelakaan, kendaraan, orang, evakuasi, korban, motor, mengalami, menabrak, api, mabuk, celaka",02/11/2022,"edy surasa, edy",dki jakarta,jakarta timur,-,0,0,0,0,0,rendah
Kecelakaan Maut Tol Cipali KM 139: Tiga Orang Tewas dan Tujuh Luka-luka," \- Kecelakaan maut di Tol Cipali KM 139 arah Cirebon kembali terjadi pada
Selasa 15 November 2022 sekitar pukul 05.00 WIB. Kecelakaan terjadi setelah
sebuah minibus menabrak kendaraan lain dari belakang.

Kasatlantas Polres Indramayu, AKP Angga Handiman mengatakan kecelakaan Tol
Cipali tersebut telah mengakibatkan tiga orang tewas dan tujuh lainnya luka-
luka. ""Untuk sementara yang meninggal dunia ada tiga orang, dan luka-luka
tujuh orang,"" kata Angga di Indramayu, Selasa 15 November 2022.

Angga mengatakan kecelakaan lalu lintas tersebut terjadi di KM 139 Tol Cipali
tepatnya di jalur A atau dari arah Jakarta ke Cirebon, dan masuk wilayah hukum
Polres Indramayu. Menurutnya kendaraan yang mengalami kecelakaan yaitu minibus
Daihatsu Luxio B-1346-FRR, diduga kendaraan tersebut menabrak bagian belakang
kendaraan lainnya.

""Untuk laporan yang kami terima, kendaraan minibus ini menabrak belakang
kendaraan yang berada di depannya,"" ujarnya.

Angga menambahkan saat ini pihaknya masih melakukan oleh tempat kejadian
perkara (TKP), untuk mengetahui apa yang sebenarnya terjadi.

Sementara untuk seluruh korban lanjut Angga, di bawa ke Rumah Sakit Umum
Daerah (RSUD) Cideres, Kabupaten Majalengka, untuk dilakukan penanganan lebih
lanjut.

Angga mengatakan pihaknya masih melakukan identifikasi, sehingga data belum
lengkap, dan masih menunggu anggota yang sedang melakukan pendataan. ""Semua
korban kami bawa ke RSUD Cideres, Kabupaten Majalengka, dan kami masih
melakukan olah TKP,"" katanya.

 ","Selasa, 15 Nov 2022 12:14 WIB","kejadian, kecelakaan, penanganan, kendaraan, akibat, orang, korban, meninggal, mengalami, luka, diduga, menabrak, tewas, io, celaka",15/11/2022,angga,jawa barat,cirebon,-,3,7,0,0,0,sedang
ACT Sebut Ditunjuk Boeing untuk Kelola Dana Santunan Kecelakaan Lion Air JT610," \- Pihak Aksi Cepat Tanggap (ACT) menyatakan kepada ahli waris kecelakaan
pesawat Lion Air JT610 bahwa telah ditunjuk Boeing untuk mengelola dana
santunan bagi komunitas terdampak kecelakaan.

The Boeing Company menyediakan dana santunan untuk 189 penumpang dan kru
pesawat yang meninggal kepada ahli waris. Boeing menyediakan dana Boeing
Financial Assitance Fund (BFAF) dan Boeing Community Invesment Fund (BCIF)
masing-masing USD 25 juta. Ahli waris korban menerima langsung dana BFAF USD
25 juta. Sementara dana Rp 25 juta BCIF diperuntukkan sebagai bantuan
finansial komunitas lokal. Namun BCIF tidak diterima langsung oleh ahli waris,
melainkan dikelola pihak ketika atau badan amal.

Boeing tidak menunjuk langsung badan amal yang akan mengelola dana ini, tetapi
hanya menetapkan syarat penerima dana. Perusahaan pun mendelegasikan
kewenangan ini kepada Adminsitrator Mr. Freinbeed dan Ms. Biros untuk
menentukan progam individual, proyek atau badan amal yang akan didanai BCIF.
Akan tetapi badan amal yang akan mengelola ditunjuk oleh ahli waris.

Secara aktif pihak Yayasan ACT menghubungi keluarga korban dan mengatakan
telah mendapat amanah (ditunjuk dari Boeing sebagai pengelola dana sosial
BCIF, bunyi dalam dakwaan seperti dikutip dari laman Sistem Informasi
Penelusuran Perkara (SIPP) PN Jaksel, Selasa, 15 November 2022.

Padahal, Boeing tidak menetapkan badan amal atau pihak ketiga yang akan
mengelola dana tersebut. ACT kemudin meminta keluarga korban mengisi dan
menandatangani formulir pengajuan yang dikirim ke Boeing agar dana BCIF bisa
dicairkan kepada ACT. Dalam email tersebut, ACT meminta dana BCIF sebesar USD
144.500.

Pada Oktober 2018, pembangunan fasilitas sosial yang direkomendasikan oleh 68
ahli waris kepada ACT mulai dilakukan. Namun pengerjaan proyek tersebut
mangkrak. Sampai saat ini ACT juga belum memberikan progres pekerjaan kepada
Boeing terkait implementasi pengelolaan dana sosial.

Namun berdasarkan klausul Boeing, Yayasan ACT wajib melaporkan hasil
pekerjaannya, kata dakwaan.

Proyek yang dikelola oleh ACT terkait dana sosial Boeing berjumlah 70 proyek
dari 68 ahli waris, di mana ada satu ahli waris yang mengajukan dua proyek.

Pada pelaksanaannya, penyaluran dana Boeing (BCIF) tersebut tak melibatkan
para ahli waris dalam penyusunan rencana maupun pelaksanaan proyek pembangunan
dana Boeing (BCIF) dan pihak Yayasan Aksi Cepat Tanggap tidak memberitahukan
kepada pihak ahli waris terhadap dana Boeing (BCIF) yang diterima dari pihak
Boeing. Diduga pengurus Yayasan ACT melakukan penggunaan dana tidak sesuai
peruntukannya untuk kepentingan pribadi berupa pembayaran gaji dan fasilitas
pribadi, operasional perusahaan serta kegiatan lain di luar program Boeing.

Tersangka Ahyudin, Ibnu Khajar, dan Heriyana diduga telah menggunakan dana
BCIF sebesar Rp 117,98 miliar untuk kegiatan diluar implementasi Boeing tanpa
seizin dan sepengetahuan dari ahli waris korban kecelakaan Maskapai Lion Air
Pesawat Boeing 737 Max 8 maupun dari perusahaan Boeing sendiri.

Ahyudin didakwa melanggar Pasal 374 KUHP Jo Pasal 55 ayat (1) ke-1 KUHP
subsider Pasal 372 KUHP Jo Pasal 55 ayat (1) ke-1 KUHP. Sedangkan, Ibnu dan
Hariyana didakwa melanggar Pasal 374 KUHP Jo Pasal 55 ayat (1) ke-1 KUHP.

Sementara untuk Novariyadi Imam Akbari selaku Senior Vice President Humanity
Network Departement perkaranya masih dalam proses penelitian jaksa untuk
persiapan kelengkapan berkas dan pelimpahan.

 ","Selasa, 15 Nov 2022 13:01 WIB","kecelakaan, 2018, korban, meninggal, hasil, melibatkan, diduga, langsung, pesawat, dampak, didakwa, dakwaan, api, unjuk, io, celaka, sial",15/11/2022,,dki jakarta,jakarta selatan,-,1,0,0,0,1,parah
"Polda Metro Jaya: Korban Kecelakaan pada 2022 Meningkat, Tembus 10 Ribu"," \- Polda Metro Jaya mencatat ada peningkatan angka korban kecelakaan pada
Januari hingga Oktober 2022.

""Untuk jumlah LP (laporan polisi) sampai bulan Oktober sudah 8.515, korban
sebanyak 10.297,"" kata Kepala Seksi Kecelakaan Lalu Lintas Subdirektorat
Pembinaan dan Penegakkan Hukum Direktorat Lalu Lintas Polda Metro Jaya
Komisaris Edy Purwanto di Hotel Diradja, Jumat, 11 November 2022.

Angka tersebut di antaranya 569 korban meninggal dunia, 1.289 mengalami luka
berat, dan 8.439 luka ringan. Kecelakaan pada tahun ini sampai Oktober sudah
melampaui angka kecelakaan selama 2021.

""Pada tahun 2021, dari seluruh jajaran Polda Metro Jaya termasuk Polres, itu
tercatat laporan polisi (LP) sebanyak 8.294 dengan korban meninggal dunia 615,
luka berat sebanyak 1.523, luka ringan 7.719, dengan jumlah korban total
sebanyak 9.857,"" tutur Edy.

Dia menuturkan, sejak diterapkannya tilang elektronik justru kesadaran berlalu
lintas menurun. Sebab sistem ini memang masih memiliki celah bagi pelanggar.

Untuk pengawasan lokasi dengan kamera ETLE juga belum banyak tersebar di
wilayah hukum Polda Metro Jaya. Kondisi ini juga minim pengawasan terjadinya
kecelakaan yang tidak terpantau kamera.

""Masih banyaknya lokasi rawan pelanggaran dan fatalitas laka lantas di wilayah
hukum Polda Metro Jaya yang saat ini belum termonitor oleh kamera ETLE
statis,"" katanya.

Menurut data yang dimiliki Polda Metro Jaya, ada 100.965 pelanggaran lalu
lintas yang sudah ditindak dengan ETLE pada Januari sampai Oktober 2022. Angka
itu meningkat dari 81.341 pelanggaran yang ditindak selama tahun 2021.

 ","Sabtu, 12 Nov 2022 10:09 WIB","kecelakaan, lokasi, korban, meninggal, mengalami, luka, polisi, rawan, celaka",12/11/2022,edy,-,-,-,569,1289,0,0,0,parah
Hasil Investigasi KNKT Sebut Terdapat 3 Urutan Penyebab Kecelakaan Pesawat Sriwijaya SJ 182," \- Kepala Sub Komite Investigasi Keselamatan Penerbangan Komite Nasional
Kecelakaan Transportasi atau KNKT Nurcahyo Utomo mengatakan terdapat tiga
urutan penyebab kecelakaan pesawat Sriwijaya Air SJ 182 di perairan Kepulauan
Seribu pada 9 Januari 2021. Hal tersebut mengakibatkan seluruh awak dan
penumpang tewas.

""Seperti yang kita ketahui pada 9 Januari Boeing 737 berangkat dari Jakarta
Soekarno-Hatta dengan tujuan bandar udara Supadio Pontianak, tinggal landas
pada pukul 14.36. Setelah terbang selama 13 menit pesawat mengalami kecelakaan
dan berakhir penerbangan di perairan Kepulauan Seribu sekitar 11 mil dari
bandar udara Soekarno-Hatta,"" kata Nurcahyo Utomo dalam Rapat dengar pendapat
di Gedung DPR Jakarta, Kamis, 3 November 2022.

Nurcahyo menjelaskan hasil investigasi KNKT dalam peristiwa kecelakaan SJ-182
Boeing 737 itu. Ia mengatakan penyebab pertama kecelakaan itu adanya kerusakan
pada sistem komponen pesawat yang mengakibatkan pengoperasian tidak responsif
saat melakukan perubahan fungsi.

""Jadi, telah disampaikan bahwa beberapa penerbangan sebelumnya kerusakan
sistem ini sudah dilaporkan dan beberapa komponen sudah diganti. Nah komponen
yang turun dari pesawat inilah yang kami periksa. Perbaikan yang dilakukan
pada saat itu belum sampai pada bagian mekanikal, karena masih pada proses
pergantian komponen,"" kata Nurcahyo.

Lebih lanjut, Nurcahyo mengungkapkan penerbangan Sriwijaya SJ 182 menuju
Pontianak itu terdapat fungsi yang menyebabkan pergerakan mesin tidak
seimbang. Sehingga, kata dia, mengakibatkan kemiringan badan pesawat hingga 35
derajat lebih.

""Perubahan ini nampaknya membutuhkan tenaga mesin yang lebih sedikit,
normalnya akan menggerakkan kedua untuk mundur dan mengurangi tenaga mesin.
Namun demikian dalam penerbangan ini ternyata tidak dapat menggerakkan yang
kanan, kiri tetap bergerak sementara itu kanan tidak bergerak,"" ujar Nurcahyo

Nurcahyo menjelaskan pesawat boeing 737 memiliki sistem atau CTSM. Ia
mengatakan bahwa adanya fungsi CTSM digunakan untuk menonaktifkam jika terjadi
asimetri atau kemiringan pesawat. Sehingga, kata dia, untuk mencegah adanya
perbedaan tenaga mesin kiri dan kanan agar tidak semakin besar.

""Setelah terjadi asimetri seharusnya CTSM bisa menonaktifkan auto-throttle
namun demikian terjadi keterlambatan saat menonaktifan auto-throttle sehingga
asimetri menjadi berlebih dan pesawat menjadi berbelok kekiri. Keterlambatan
CTSM ini kami yakini karena informasi sudut dari lebih rendah dari yang
sesungguhnya sehingga aktivasinya terhambat,"" kata dia.

Meskipun demikian, Nurcahyo mengatakan adanya penyebab ketiga dalam kecelakaan
pesawat Sriwijaya boeing 737. Ia mengatakan adanya bentuk rasa percaya pilot
terhadap sistem mengakibatkan kelengahan dalam memantau keadaan dan kondisi
penerbangan.

""Adanya rasa percaya terhadap sistem otomatisasi atau informasi yang mendukung
opini telah berakibat dikuranginya monitor pada instrumen. Sehingga tidak
disadari terjadi asimetri dan terjadi penyeimbangan penerbangan,"" kata
Nurcahyo.

Sementara itu, Nurcahyo meminta agar hasil investigasi terkait kecelakaan
pesawat Sriwijaya-182 tidak dijadikan sebagai penyebab utama. Ia mengatakan
hasil tersebut merupakan rentetan penyebab terjadinya sebuah kecelakaan
pesawat di perairan Kepulauan Seribu.

""Kesimpulan ini bukan untuk mengurutkan mana yang menjadi penyebab pertama,
mana yang kedua. Tetapi kami mengurutkan berdasarkan mana yang lebih terjadi
lebih dulu,"" tutur Nurcahyo.

MUH RAIHAN MUZAKKI

 ","Kamis, 03 Nov 2022 19:05 WIB","kecelakaan, akibat, hasil, mengalami, informasi, investigasi, pesawat, peristiwa, rusak, keterlambatan, rentetan, tewas, api, io, celaka",03/11/2022,nurcahyo,dki jakarta,kepulauan seribu,-,1,0,0,0,1,parah
"Cegah Kecelakaan, Transjakarta Beri Pelatihan pada Pramudi Mikrotrans"," \- PT Transportasi Jakarta (Transjakarta) mengadakan pelatihan kepada para
pramudi armada mikrotrans yang dilaksanakan di Koperasi Komilet Jaya, Duren
Sawit, Jakarta Timur. Kegiatan ini diklaim sebagai upaya meningkatkan aspek
keselamatan bertransportasi.

""Artinya ketika membawa kendaraan, tidak hanya persoalan teknik saja tetapi
juga . bagaimana dia menyikapi permasalahan pribadinya agar tidak mempengaruhi
kualitas pelayanannya di lapangan,"" ucap Kepala Divisi Keselamatan
Transjakarta Sri Suari di Koperasi Komilet Jaya, Duren Sawit, Jakarta Timur,
Senin, 14 November 2022.

Dalam acara tersebut, Sri mengimbau agar para pelatih dari Rifat Drive Labs
(RDL) dapat membangun komunikasi kepada para pramudi bahwa masalah yang ada
secara pribadi tidak boleh mempengaruhi fokusnya sebagai pengemudi. Dia
menjelaskan sejauh ini mikrotrans hampir belum pernah ada yang menyebabkan
fatalitas dalam kecelakaan transportasi.

""Jadi kalau pun ada itu hanya bersifat teknis seperti serempetan dengan motor
terus lecet. Lecet saja langsung dikenakan berita acara 02 karena dianggap
pramudinya tidak mampu mengantisipasi persoalan di lapangan,"" ucap dia.

Berbeda dengan bus besar yang tentunya memiliki persoalan yang lebih besar
pula. Karena nyatanya, semakin besar transportasi maka semakin besar pula
tantangannya.

Menurut Sri, tantangan sebagai pramudi adalah bagaimana cara memadukan
keahlian mengemudi dengan pelayanan terhadap penumpang. ""Ada sesuatu yang
mengikat kalian (pramudi), (yaitu) keramahtamahan juga dalam pelayanan,"" ucap
dia.

Sri menuturkan kegiatan pelatihan itu bertujuan agar pramudi dapat
berkomunikasi dengan baik kepada penumpang dan masyarakat pengguna layanan
TransJakarta.

Dia mengatakan bahwa pramudi memiliki peran sebagai garis terdepan dalam
pelayanan transportasi, sehingga memerlukan keahlian guna menekan tingkat
kecelakaan. ""Sopir harus selalu bekerja dalam komunikasi yang baik ketika
memberi laporan saat ada masalah,"" ujar Sri dikutip dari .

Dia mengatakan target pelatihan keselamatan berkendara itu diharapkan dapat
menyasar kepada 7.757 pramudi di akhir tahun ini.

Pelatihan itu tidak hanya melibatkan pramudi bus kecil atau angkot, namun juga
untuk bus sedang maupun besar.

Pelatihan keselamatan berkendara itu dilaksanakan di mitra TransJakarta
seperti Komilet Jaya, Duren Sawit, yang ditujukan pada pramudi angkot dan
pelatihan bus sedang dan bus besar di Depo PPD, Cipayung, Ciputat, Tangerang
Selatan.

""Jadi, seluruh pramudi bus TransJakarta itu ada 7.757 pramudi, semuanya akan
ikut pelatihan, kami targetkan seluruh pramudi bus besar, sedang dan kecil
dapat selesai tahun ini,"" kata Sri.

ANTARA

 ","Senin, 14 Nov 2022 17:25 WIB","kecelakaan, kendaraan, motor, pengemudi, luka, melibatkan, langsung, jakarta, mengemudi, meme, klaim, api, lecet, tantangan, celaka",14/11/2022,"sri, ppd",dki jakarta,jakarta timur,-,0,0,0,0,0,rendah
"15 Safety Action Transjakarta, Cegah Risiko Kecelakaan","makin meningkatnya pengguna lalu lintas meningkatkan risiko kecelakaan lalu
lintas. Upaya menekan penyebab terjadinya kecelakaan menjadi kewajiban bersama
antara pemangku kebijakan publik, pengelola jalan dan para pengguna jalan
seperti pengendara moda pribadi dan angkutan umum, penumpang transportasi dan
pejalan kaki.

PT Transportasi Jakarta (Transjakarta) selaku penyedia layanan transportasi
publik turut berperan dalam menciptakan kondisi berlalu lintas yang aman dan
nyaman demi mencegah terjadinya kecelakaan. Komite Nasional Keselamatan
Transportasi (KNKT) bersama manajemen Transjakarta melakukan evaluasi terhadap
aspek-aspek yang berpengaruh pada keselamatan operasional angkutan massal di
wilayah Jabodetabek yang dimulai sejak 10 Desember - 17 Desember 2021. Dalam
evaluasi ini telah menghasilkan 15 _safety action._

15 _safety action_ ini meliputi aspek organisasi dan manajemen, _route hazard
mapping_ serta kelayakan bus dan kesiapan awak. Dalam aspek organisasi dan
manajemen, Transjakarta secara berkala terus melakukan perbaikan data dan
_reporting_ kecelakaan. Transjakarta melakukan relokasi patroli jalur
berdasarkan r _oute hazard mapping_ baik yang di dalam atau luar koridor.
Selain itu, Transjakarta juga melakukan penyusunan _risk journey_ dan
sosialisasi ke seluruh pramudi. Untuk memastikan kelayakan bus, Transjakarta
melakukan perbaikan proses pengecekan kelayakan kendaraan, perawatan rutin
serta persiapan sebelum bus beroperasi.

Untuk mengetahui apa saja yang sudah dilakukan Transjakarta dalam memenuhi 15
_safety action_ tersebut? Simak video selengkapnya di bawah ini!

 ","Jumat, 18 Nov 2022 20:31 WIB","kecelakaan, kendaraan, pengendara, lokasi, hasil, jakarta, pengecekan, risiko, ubli, meme, io, celaka, sial",18/11/2022,,-,-,-,0,1,0,0,0,rendah
"Kecelakaan di Jalan Arif Rahman Hakim Depok, Pengendara Motor Terlindas Truk"," \- Kecelakaan maut terjadi di Jalan Arif Rahman Hakim, Pancoran Mas, Depok,
Jumat malam 28 Oktober 2022 sekitar pukul 19.40.

Sebuah truk nopol B 9698 NQC menyeruduk sepeda motor nopol B 6770 EVR yang
tengah melintas di depannya.

Saksi mata di lokasi, Opik 44 tahun mengatakan, kecelakaan bermula saat satu
keluarga yang terdiri dari ayah ibu dan satu orang anak melintasi jalan
tersebut menggunakan sepeda motor.

""Tiba-tiba dari arah belakang melintas truk langsung menyeruduk motor
tersebut,"" kata Opik ditemui Tempo.

Opik yang saat itu sedang melakoni pekerjaan hariannya sebagai tukang parkir
mengaku tidak terlalu melihat kronologi kejadiannya, namun ia mendengar jelas
suara truk melindas salah seorang pengendara sepeda motor tersebut.

Opik segera memberi pertolongan dengan memanggil ambulan untuk evakuasi
korban. ""Korban langsung dibawa ke rumah sakit,"" katanya.

Hingga berita ini diturunkan, belum ada keterangan resmi dari pihak
kepolisian. Kecelakaan ini menyebabkan arus lalu lintas di Jalan Arif Rahman
Hakim sempat tersendat.

ADE RIDWAN YANDWIPUTRA

 ","Sabtu, 29 Okt 2022 05:50 WIB","kejadian, kecelakaan, pengendara, tol, lokasi, orang, evakuasi, korban, motor, keterangan, mengaku, langsung, polisi, sepeda, kejadiannya, tersendat, aksi, menyeruduk, melindas, celaka",29/10/2022,,di yogyakarta,sleman,depok,0,0,0,0,0,rendah
"Kecelakaan Maut di Cibubur Tewaskan 10 Orang, KNKT: Sopir Truk dan Bus Tak Sekolah"," \- Komite Nasional Keselamatan Transportasi atau KNKT mencatat fakta baru
dari kejadian kecelakaan maut di Cibubur pada 18 Juli 2022 yang disebabkan
permasalahan sistem rem pada truk tangki Pertamina. KNKT menyebut pengemudi
belum pahamnya pengemudi truk dan bus di Indonesia ihwal sistem rem kendaraan
besar itu secara menyeluruh.

Plt Kepala Subkomite Investigasi Lalu Lintas Angkutan Jalan KNKT Ahmad Wildan
mengatakan, fakta ini dia temukan setelah menggelar pelatihan itu kepada para
supir truk dan bus, khususnya pengemudi truk PT Pertamina Patra Niaga, setelah
adanya kecelakaan yang menewaskan 10 orang itu. Pengemudi tak ada yang paham
sistem rem.

""Lebih parah lagi, lebih bahaya lagi bukan cuma masalah enggak paham baca,
tapi mereka juga enggak paham sistem rem,"" kata Wildan saat konferensi pers di
kantornya, Jakarta, Selasa, 18 Oktober 2022.

Saat ditanya ihwal permasalahan mendasar yang menjadi penyebab tidak
berfungsinya sistem rem truk tangki Pertamina yang kecelakaan, yaitu indikator
tekanan angin pada posisi 7 bar, para pengemudi menurut Wildan tidak ada yang
bisa menjawab. Padahal itu adalah indikasi kurangnya tekanan angin untuk
menjalankan mekanisme rem truk bersistem .

""Memang ini harus bisa dijelaskan kepada para pengemudi apa sih maksudnya
angka 7 bar, apa maksudnya bunyi saat dia 6 bar pasti akan muncul bunyi, atau
lampu , apa artinya itu pengemudi ini belum tahu masalah itu,"" ucap Wildan.

Para pengemudi ini, kata Wildan, juga belum bisa membedakan tekanan angin pada
ban yang memiliki satuan (PSi) dengan satuan tekanan untuk angin pada rem,
yaitu bar. Wildan bahkan mengatakan mereka belum memahami cara memeriksa dua
tekanan yang berbeda itu.

""Saat kami melakukan pelatihan dengan para pengemudi Pertamina saya tanya itu
bagaimana caranya menentukan, itu ada 191 PSi. Saya tanya bapak tahu enggak
bedanya PSi sama bar, mereka bilang enggak tahu bagaimana caranya
memeriksanya, cuma dipukul-pukul , wah ini berarti memang enggak tahu ,"" kata
Wildan.

Ia berujar, para pengemudi ini juga bahkan belum bisa membedakan, antara rem
dengan mekanisme , dengan . Padahal masing-masing mekanisme membedakan juga
penggunaan seluruh jaringan rem pada kendaraan, baik rem kaki maupun rem
tangan.

""Bahkan saat saya melakukan pelatihan, saat (menguji) indikator , saya injek
(rem) nyala (indikator), enggak ada pengemudi yang bisa menjelaskan, itu
maksudnya apa, enggak mengerti dia,"" ujar Wildan.

Ia menyatakan, permasalahan ini harus diakui terjadi karena pengemudi di
Indonesia tidak ada satu pun yang disekolahkan secara khusus mengenai ini oleh
para pemberi kerjanya. Mereka hanya belajar dari apa kata temannya yang sudah
lebih berpengalaman.

""Kami akui bersama, enggak ada pengemudi bus dan truk yang sekolah. Sekolahnya
kan dari teman-temannya sendiri. Jadi mereka enggak secara terstruktur dan
sistematis mempelajari sistem rem, ini PR bagi kita semua,"" kata Wildan.

Persoalan ini pun telah dia masukkan sebagai rekomendasi kepada para pemangku
kepentingan lain dari kejadian kecelakaan maut itu. Rekomendasi itu, kata
Wildan, adalah melatih secara intensif awak pengemudi kendaraan mobil tangki,
khususnya keterampilan mengemudi pada berbagai kondisi jalan, pemahaman sistem
rem, pelaksanaan serta penanganan kondisi darurat.

""Jadi memang ini menjadi PR kita untuk memberikan semacam , agar pengemudi
memahami sistem rem, dan cara pendeteksiannya, termasuk membaca simbol-simbol
tadi,"" ujar Wildan.

 ","Rabu, 19 Okt 2022 01:40 WIB","kejadian, kecelakaan, penanganan, kendaraan, orang, pengemudi, bahaya, menewaskan, mobil, mengemudi, meme, nyala, api, tensi, tekanan, ususnya, io, celaka",19/10/2022,"ahmad wildan, wildan",-,-,-,10,0,0,0,0,parah
"Kecelakaan di Tanah Abang, Pengendara Motor Tabrak Trotoar hingga Terpental Menghantam Pohon"," \- Seorang pengendara motor berinisial AS (22) mengalami kecelakaan tunggal
setelah kendaraannya menabrak trotoar di depan Gereja Pantekosta, Jalan
Tentara Pelajar, Tanah Abang, Jakarta Pusat pada Kamis malam. Akibat menabrak
trotoar hingga terpental menghantam pohon di pinggir jalan, mahasiswa itu
mengalami luka di bagian kepala dan mulut.

Kronologi kecelakaan yang menimpa AS diawali saat dia sedang berkendara dari
arah selatan ke utara di Jalan Tentara Pelajar di kawasan Tanah Abang pada
Kamis malam, sekitar pukul 19.30. Sesampainya di depan Gereja Pantekosta, AS
oleng ke kanan dan menghantam trotoar kemudian terpental menghantam pohon.

Kasatlantas Polres Metro Jakarta Pusat Purwanta menuturkan kecelakaan ini
diduga disebabkan pengendara motor lalai atau kurang hati-hati.

""Karena lalai atau kurang hati-hati pada saat berkendara di jalan umum,
melakukan kegiatan lain atau dipengaruhi suatu keadaan yang dapat mengganggu
konsentrasi,"" kata Purwanta dalam keterangan tertulisnya, Kamis, 20 Oktober
2022.

Polisi telah mengolah TKP kecelakaan itu dan mengamankan barang bukti berupa
satu unit sepeda motor milik korban, beserta SIM dan STNK. ""Korban dibawa ke
Rumah Sakit Bhakti Mulia,"" tuturnya.

 ","Jumat, 21 Okt 2022 14:37 WIB","kecelakaan, kendaraan, pengendara, tunggal, orang, korban, motor, mengalami, luka, keterangan, diduga, menabrak, sepeda, menghantam, menimpa, kendaraannya, celaka, sial",21/10/2022,,dki jakarta,jakarta pusat,tanah abang,0,1,0,0,0,rendah
